--
-- Script was generated by Devart dbForge Studio for MySQL, Version 7.2.34.0
-- Product home page: http://www.devart.com/dbforge/mysql/studio
-- Script date 17/01/2018 6:07:04
-- Server version: 5.5.5-10.1.28-MariaDB
-- Client version: 4.1
--


-- 
-- Disable foreign keys
-- 
/*!40014 SET @OLD_FOREIGN_KEY_CHECKS=@@FOREIGN_KEY_CHECKS, FOREIGN_KEY_CHECKS=0 */;

-- 
-- Set SQL mode
-- 
/*!40101 SET @OLD_SQL_MODE=@@SQL_MODE, SQL_MODE='NO_AUTO_VALUE_ON_ZERO' */;

-- 
-- Set character set the client will use to send SQL statements to the server
--
SET NAMES 'utf8';

-- 
-- Set default database
--
USE gdc_goresup;

--
-- Definition for table cod_cont
--
DROP TABLE IF EXISTS cod_cont;
CREATE TABLE cod_cont (
  id INT(10) UNSIGNED NOT NULL AUTO_INCREMENT,
  last_doc VARCHAR(10) NOT NULL,
  last_exp VARCHAR(10) NOT NULL,
  PRIMARY KEY (id)
)
ENGINE = INNODB
AUTO_INCREMENT = 2
CHARACTER SET utf8
COLLATE utf8_spanish_ci;

--
-- Definition for table migrations
--
DROP TABLE IF EXISTS migrations;
CREATE TABLE migrations (
  migration VARCHAR(255) NOT NULL,
  batch INT(11) NOT NULL
)
ENGINE = INNODB
AVG_ROW_LENGTH = 1365
CHARACTER SET utf8
COLLATE utf8_spanish_ci;

--
-- Definition for table tramarchivador
--
DROP TABLE IF EXISTS tramarchivador;
CREATE TABLE tramarchivador (
  tarcId INT(10) UNSIGNED NOT NULL AUTO_INCREMENT,
  tarcExp VARCHAR(10) NOT NULL,
  tarcDatePres DATE NOT NULL,
  tarcStatus VARCHAR(15) NOT NULL,
  created_at DATE NOT NULL,
  created_time_at TIME NOT NULL,
  updated_at DATE DEFAULT NULL,
  tarcSource VARCHAR(3) NOT NULL,
  tarcPathFile VARCHAR(500) DEFAULT NULL,
  tarcYear INT(10) UNSIGNED DEFAULT NULL,
  tarcAsoc INT(10) UNSIGNED DEFAULT NULL,
  tarcTitulo VARCHAR(100) DEFAULT NULL,
  PRIMARY KEY (tarcId)
)
ENGINE = INNODB
AUTO_INCREMENT = 44
AVG_ROW_LENGTH = 381
CHARACTER SET utf8
COLLATE utf8_spanish_ci;

--
-- Definition for table tramdependencia
--
DROP TABLE IF EXISTS tramdependencia;
CREATE TABLE tramdependencia (
  depId INT(10) UNSIGNED NOT NULL AUTO_INCREMENT,
  depCod VARCHAR(12) DEFAULT NULL,
  depDsc VARCHAR(1000) DEFAULT NULL,
  depDscC VARCHAR(1000) DEFAULT NULL,
  depActive TINYINT(1) DEFAULT NULL,
  PRIMARY KEY (depId)
)
ENGINE = INNODB
AUTO_INCREMENT = 18
AVG_ROW_LENGTH = 963
CHARACTER SET utf8
COLLATE utf8_spanish_ci;

--
-- Definition for table trampersona
--
DROP TABLE IF EXISTS trampersona;
CREATE TABLE trampersona (
  tprId INT(10) UNSIGNED NOT NULL AUTO_INCREMENT,
  tprDni VARCHAR(8) DEFAULT NULL,
  tprFulName VARCHAR(500) DEFAULT NULL,
  tprPaterno VARCHAR(50) DEFAULT NULL,
  tprMaterno VARCHAR(50) DEFAULT NULL,
  tprNombres VARCHAR(150) DEFAULT NULL,
  tprEntidad VARCHAR(50) DEFAULT NULL,
  tprCargo VARCHAR(50) DEFAULT NULL,
  tprCelular VARCHAR(15) DEFAULT NULL,
  tprCorreo VARCHAR(50) DEFAULT NULL,
  tprRegisterBy VARCHAR(50) DEFAULT NULL,
  tprRegisterAt DATETIME DEFAULT NULL,
  tprUpdatedAt DATETIME DEFAULT NULL,
  PRIMARY KEY (tprId)
)
ENGINE = INNODB
AUTO_INCREMENT = 28
AVG_ROW_LENGTH = 606
CHARACTER SET utf8
COLLATE utf8_spanish_ci;

--
-- Definition for table tramproyecto
--
DROP TABLE IF EXISTS tramproyecto;
CREATE TABLE tramproyecto (
  tpyId INT(10) UNSIGNED NOT NULL AUTO_INCREMENT,
  tpyNro INT(10) UNSIGNED DEFAULT NULL,
  tpyAnio INT(10) UNSIGNED DEFAULT NULL,
  tpyName VARCHAR(500) DEFAULT NULL,
  tpyShortName VARCHAR(500) DEFAULT NULL,
  tpyCU VARCHAR(12) DEFAULT NULL,
  tpyCadena VARCHAR(50) DEFAULT NULL,
  PRIMARY KEY (tpyId)
)
ENGINE = INNODB
AUTO_INCREMENT = 29
AVG_ROW_LENGTH = 585
CHARACTER SET utf8
COLLATE utf8_spanish_ci;

--
-- Definition for table tramsistema
--
DROP TABLE IF EXISTS tramsistema;
CREATE TABLE tramsistema (
  tsysId INT(10) UNSIGNED NOT NULL AUTO_INCREMENT,
  tsysModulo VARCHAR(50) DEFAULT NULL,
  tsysFunction VARCHAR(50) NOT NULL,
  tsysDescF VARCHAR(250) NOT NULL,
  tsysVarHandler VARCHAR(50) NOT NULL,
  PRIMARY KEY (tsysId)
)
ENGINE = INNODB
AUTO_INCREMENT = 13
AVG_ROW_LENGTH = 1489
CHARACTER SET utf8
COLLATE utf8_spanish_ci;

--
-- Definition for table tramtipodocumento
--
DROP TABLE IF EXISTS tramtipodocumento;
CREATE TABLE tramtipodocumento (
  ttypDoc VARCHAR(5) NOT NULL,
  ttypDesc VARCHAR(100) NOT NULL,
  created_at DATE DEFAULT NULL,
  updated_at DATE DEFAULT NULL,
  ttypShow TINYINT(1) DEFAULT NULL,
  PRIMARY KEY (ttypDoc)
)
ENGINE = INNODB
AVG_ROW_LENGTH = 1489
CHARACTER SET utf8
COLLATE utf8_spanish_ci;

--
-- Definition for table tramusuario
--
DROP TABLE IF EXISTS tramusuario;
CREATE TABLE tramusuario (
  tusId VARCHAR(8) NOT NULL,
  tusNickName VARCHAR(20) NOT NULL,
  password VARCHAR(60) NOT NULL,
  tusNames VARCHAR(100) NOT NULL,
  tusPaterno VARCHAR(100) NOT NULL,
  tusMaterno VARCHAR(100) NOT NULL,
  tusWorkDep VARCHAR(12) NOT NULL,
  tusTypeUser VARCHAR(50) NOT NULL,
  tusRegisterBy VARCHAR(50) DEFAULT NULL,
  tusRegisterAt DATETIME DEFAULT NULL,
  tusState TINYINT(1) DEFAULT NULL,
  PRIMARY KEY (tusId)
)
ENGINE = INNODB
AVG_ROW_LENGTH = 3276
CHARACTER SET utf8
COLLATE utf8_spanish_ci;

--
-- Definition for table tramdocumento
--
DROP TABLE IF EXISTS tramdocumento;
CREATE TABLE tramdocumento (
  tdocId INT(10) UNSIGNED NOT NULL AUTO_INCREMENT,
  tdocCod VARCHAR(10) NOT NULL,
  tdocExp INT(10) UNSIGNED NOT NULL,
  tdocExp1 VARCHAR(10) DEFAULT NULL,
  tdocDependencia VARCHAR(100) DEFAULT NULL,
  tdocProject INT(10) UNSIGNED NOT NULL,
  tdocSender VARCHAR(500) DEFAULT NULL,
  tdocSenderName VARCHAR(100) DEFAULT NULL,
  tdocSenderPaterno VARCHAR(100) DEFAULT NULL,
  tdocSenderMaterno VARCHAR(100) DEFAULT NULL,
  tdocDni INT(11) DEFAULT NULL,
  tdocJobSender VARCHAR(100) DEFAULT NULL,
  tdocType VARCHAR(5) NOT NULL,
  tdocNumber VARCHAR(200) DEFAULT NULL,
  tdocRegistro VARCHAR(10) DEFAULT NULL,
  tdocDate DATE NOT NULL,
  tdocFolio INT(11) DEFAULT NULL,
  tdocSubject VARCHAR(250) NOT NULL,
  tdocStatus VARCHAR(15) DEFAULT NULL,
  tdocRef VARCHAR(250) DEFAULT NULL,
  tdocDetail VARCHAR(500) DEFAULT NULL,
  tdocAccion VARCHAR(50) DEFAULT NULL,
  tdocFileName VARCHAR(250) DEFAULT NULL,
  tdocFileExt VARCHAR(50) DEFAULT NULL,
  tdocPathFile VARCHAR(500) DEFAULT NULL,
  tdocFileMime VARCHAR(150) DEFAULT NULL,
  tdocRegisterBy VARCHAR(8) NOT NULL,
  tdocRegisterAt DATETIME DEFAULT NULL,
  tdocUpdateAt DATETIME DEFAULT NULL,
  PRIMARY KEY (tdocId),
  CONSTRAINT tramdocumento_tdocexp_foreign FOREIGN KEY (tdocExp)
    REFERENCES tramarchivador(tarcId) ON DELETE CASCADE ON UPDATE RESTRICT,
  CONSTRAINT tramdocumento_tdocproject_foreign FOREIGN KEY (tdocProject)
    REFERENCES tramproyecto(tpyId) ON DELETE RESTRICT ON UPDATE RESTRICT,
  CONSTRAINT tramdocumento_tdoctype_foreign FOREIGN KEY (tdocType)
    REFERENCES tramtipodocumento(ttypDoc) ON DELETE RESTRICT ON UPDATE RESTRICT
)
ENGINE = INNODB
AUTO_INCREMENT = 49
AVG_ROW_LENGTH = 1024
CHARACTER SET utf8
COLLATE utf8_spanish_ci;

--
-- Definition for table tramroles
--
DROP TABLE IF EXISTS tramroles;
CREATE TABLE tramroles (
  trolId INT(10) UNSIGNED NOT NULL AUTO_INCREMENT,
  trolIdUser VARCHAR(8) NOT NULL,
  trolIdSyst INT(10) UNSIGNED NOT NULL,
  trolEnable TINYINT(1) NOT NULL,
  PRIMARY KEY (trolId),
  CONSTRAINT tramroles_trolidsyst_foreign FOREIGN KEY (trolIdSyst)
    REFERENCES tramsistema(tsysId) ON DELETE CASCADE ON UPDATE RESTRICT,
  CONSTRAINT tramroles_troliduser_foreign FOREIGN KEY (trolIdUser)
    REFERENCES tramusuario(tusId) ON DELETE CASCADE ON UPDATE RESTRICT
)
ENGINE = INNODB
AUTO_INCREMENT = 50
AVG_ROW_LENGTH = 334
CHARACTER SET utf8
COLLATE utf8_spanish_ci;

--
-- Definition for table tramhistorial
--
DROP TABLE IF EXISTS tramhistorial;
CREATE TABLE tramhistorial (
  thisId INT(10) UNSIGNED NOT NULL AUTO_INCREMENT,
  thisExp VARCHAR(10) NOT NULL,
  thisDoc INT(10) UNSIGNED NOT NULL,
  thisDoc1 VARCHAR(10) DEFAULT NULL,
  thisDepS VARCHAR(12) NOT NULL,
  thisDepT VARCHAR(12) NOT NULL,
  thisFlagR TINYINT(1) NOT NULL,
  thisFlagA TINYINT(1) NOT NULL,
  thisFlagD TINYINT(1) NOT NULL,
  rec_date_at DATE NOT NULL,
  rec_time_at TIME NOT NULL,
  thisDateTimeR DATETIME DEFAULT NULL,
  thisDateTimeA DATETIME DEFAULT NULL,
  thisDateTimeD DATETIME DEFAULT NULL,
  thisDscD VARCHAR(1000) DEFAULT NULL,
  thisDscA VARCHAR(1000) DEFAULT NULL,
  thisDscF VARCHAR(1000) DEFAULT NULL,
  thisIdRef INT(10) UNSIGNED DEFAULT NULL,
  thisDocD VARCHAR(50) DEFAULT NULL,
  PRIMARY KEY (thisId),
  CONSTRAINT tramhistorial_thisdoc_foreign FOREIGN KEY (thisDoc)
    REFERENCES tramdocumento(tdocId) ON DELETE CASCADE ON UPDATE RESTRICT
)
ENGINE = INNODB
AUTO_INCREMENT = 49
AVG_ROW_LENGTH = 341
CHARACTER SET utf8
COLLATE utf8_spanish_ci;

DELIMITER $$

--
-- Definition for procedure generar_codigo
--
DROP PROCEDURE IF EXISTS generar_codigo$$
CREATE DEFINER = 'root'@'localhost'
PROCEDURE generar_codigo(IN `prefijo` VARCHAR(3), OUT `Codigo_generado` VARCHAR(10))
BEGIN

  DECLARE cod_act VARCHAR(10);
  DECLARE anio_hoy INT;
  DECLARE anio_ayer INT;
  DECLARE contador INT;

  DECLARE EXIT HANDLER FOR SQLEXCEPTION
    BEGIN
      SHOW ERRORS LIMIT 1;
      ROLLBACK; 
    END;
  
  DECLARE EXIT HANDLER FOR SQLWARNING
    BEGIN
      SHOW ERRORS LIMIT 1;
      ROLLBACK; 
    END;

  IF (prefijo = 'DOC') THEN      
      set cod_act = (SELECT MAX(last_doc) FROM cod_cont);
  ELSEIF (prefijo = 'EXP') THEN
     	set cod_act = (SELECT MAX(last_exp) FROM cod_cont);
  END IF;   

  set anio_hoy  = YEAR(now())-2000;
  set anio_ayer = LEFT(RIGHT(cod_act,7),2);
  set contador = RIGHT(cod_act,5);
  
  IF (anio_hoy - anio_ayer) > 0 then
      SET contador = 1;
  ELSE
      SET contador = contador + 1;
  END IF;
  
  SET Codigo_generado = concat(prefijo, CAST(anio_hoy AS CHAR(2)), RIGHT(concat('00000', LTRIM(RTRIM(contador))),5));

  START TRANSACTION;

  IF (prefijo = 'DOC') then
      set @query = concat('UPDATE cod_cont SET last_doc = "',Codigo_generado,'" WHERE id = 1');
      prepare query from @query;
      execute query;
  ELSEIF (prefijo = 'EXP') then
     	set @query = concat('UPDATE cod_cont SET last_exp = "',Codigo_generado,'" WHERE id = 1');
      prepare query from @query;
      execute query;
  END IF;

  IF @@error_count > 0 THEN
    ROLLBACK;
  ELSE
    SELECT prefijo AS pref, codigo_generado AS codigo;
  END IF;
  
  COMMIT;
END
$$

--
-- Definition for function fnDescDependencia
--
DROP FUNCTION IF EXISTS fnDescDependencia$$
CREATE DEFINER = 'root'@'localhost'
FUNCTION fnDescDependencia(`depId` VARCHAR(12), `depExt` INT)
  RETURNS varchar(1000) CHARSET utf8 COLLATE utf8_spanish_ci
BEGIN

 /* 1: descripcion larga, 2: descripcion corta  */
  DECLARE des VARCHAR(1000);

  /*SELECT depDsc into des FROM tramdependencia tgd WHERE tgd.depId = depId;*/

  IF depExt = 1 THEN
    SELECT tdp.depDsc INTO des from tramdependencia tdp where tdp.depId = depId;
  ELSEIF depExt = 2 THEN
    SELECT tdp.depDscC INTO des from tramdependencia tdp where tdp.depId = depId;
  end if;
  
  IF des IS NULL then
  	SET des = 'No identificado';
  END if;

  RETURN des;
END
$$

--
-- Definition for function fnTramDateDiff
--
DROP FUNCTION IF EXISTS fnTramDateDiff$$
CREATE DEFINER = 'root'@'localhost'
FUNCTION fnTramDateDiff(`startDate` DATETIME, `endDate` DATETIME)
  RETURNS int(11)
BEGIN

  declare dias int;

  set @E = endDate;
  set @S = startDate;


 set dias = 5 * (DATEDIFF(@E, @S) DIV 7) + MID('0123444401233334012222340111123400001234000123440', 7 * WEEKDAY(@S) + WEEKDAY(@E) + 1, 1);

  return dias;

END
$$

--
-- Definition for function fnTramDateTimeDFromParent
--
DROP FUNCTION IF EXISTS fnTramDateTimeDFromParent$$
CREATE DEFINER = 'root'@'localhost'
FUNCTION fnTramDateTimeDFromParent(`idParent` INT)
  RETURNS datetime
BEGIN

  DECLARE timeDerived DATETIME;

  SELECT h.thisDateTimeD into timeDerived FROM tramHistorial h WHERE h.thisId = idParent;

  IF timeDerived IS NULL then
    SET timeDerived = NULL;
  END if;

  RETURN timeDerived;
END
$$

--
-- Definition for function fnTramDscDFromParent
--
DROP FUNCTION IF EXISTS fnTramDscDFromParent$$
CREATE DEFINER = 'root'@'localhost'
FUNCTION fnTramDscDFromParent(`idParent` INT)
  RETURNS varchar(1000) CHARSET utf8 COLLATE utf8_spanish_ci
BEGIN

  DECLARE dscDerived VARCHAR(1000);

  SELECT h.thisDscD into dscDerived FROM tramHistorial h WHERE h.thisId = idParent;

  IF dscDerived IS NULL then
    SET dscDerived = NULL;
  END if;

  RETURN dscDerived;
END
$$

--
-- Definition for function fnTramGetDateDif
--
DROP FUNCTION IF EXISTS fnTramGetDateDif$$
CREATE DEFINER = 'root'@'localhost'
FUNCTION fnTramGetDateDif(`fecha1` DATETIME, `fecha2` DATETIME, `tipo` VARCHAR(10))
  RETURNS varchar(500) CHARSET utf8 COLLATE utf8_spanish_ci
BEGIN

  DECLARE temp VARCHAR(100);
  DECLARE horas INT;
  DECLARE minutos INT;
  DECLARE tempMINUTOS INT;
  DECLARE segundos BIGINT;
  DECLARE cod varchar(5);

  SET temp ='...';
  set segundos = timestampdiff(SECOND,fecha1,fecha2);

  IF segundos < 3600 THEN

    SET minutos =  FLOOR(segundos / 60);
    SET segundos = segundos - minutos * 60;
    
    IF tipo = 1 then
        SET temp = concat('0 Horas ', cast(minutos as char(2)), ' Minutos ', cast(segundos as char(2)), ' Segundos');
    ELSE            
        SET temp = concat('00:', cast(minutos as char(2)), ':',  cast(segundos as char(2)));
    end if;
  ELSE
    SET horas = FLOOR(segundos / 3600);
    SET tempMINUTOS = segundos % 3600;
    SET minutos = FLOOR(tempMINUTOS / 60);
    SET segundos = tempMINUTOS % 60;

    IF tipo = 1 then
      SET temp = concat(cast(horas as char(2)), ' Horas ', cast(minutos as char(2)), ' Minutos ', cast(segundos as char(2)), ' Segundos');
    ELSE            
      SET temp = concat(cast(horas as char(2)), ':', cast(minutos as char(2)), ':', cast(segundos as char(2)));
    END IF;
  END IF;
  RETURN temp;

END
$$

--
-- Definition for function fnTramGetDestinatario
--
DROP FUNCTION IF EXISTS fnTramGetDestinatario$$
CREATE DEFINER = 'root'@'localhost'
FUNCTION fnTramGetDestinatario(`cadena` VARCHAR(12))
  RETURNS varchar(1000) CHARSET utf8 COLLATE utf8_spanish_ci
BEGIN

  DECLARE destinatario VARCHAR(250);
  DECLARE iguion INT;
  DECLARE iddestinatario INT;
  DECLARE idtabla VARCHAR(10);
  DECLARE tabla VARCHAR(20);

  SET iguion = locate('-',cadena);

  IF (iguion = 0) then
  	RETURN 'NO DERIVADO';
  END if;
    

  SET iddestinatario = CAST(SUBSTRING(cadena,1,iguion-1) AS unsigned);
  SET idtabla = SUBSTRING(cadena,iguion+1,LENgth(cadena)-iguion);

  IF (idtabla = '1') then
  	/* para tramPersona */
    SELECT p.tprFulName into destinatario FROM tramPersona p WHERE p.tprId = iddestinatario;
  ELSE 
    /* cuando tabla es 2: tramDependencia */
    SELECT d.depDsc into destinatario FROM tramDependencia d WHERE d.depId = iddestinatario;
  END if;

  RETURN destinatario;

END
$$

--
-- Definition for function fnTramGetDscFromId
--
DROP FUNCTION IF EXISTS fnTramGetDscFromId$$
CREATE DEFINER = 'root'@'localhost'
FUNCTION fnTramGetDscFromId(`tabla` VARCHAR(50), `idTabla` VARCHAR(20))
  RETURNS varchar(100) CHARSET utf8 COLLATE utf8_spanish_ci
BEGIN

  DECLARE dsc VARCHAR(100);

	IF (tabla = 'tramProyecto') then
  	SELECT tpy.tpyName into dsc FROM tramproyecto tpy WHERE tpy.tpyId = idTabla;
  END if;
	
    IF (tabla = 'tramDependencia') then
  	SELECT tgd.depDsc into dsc FROM tramdependencia tgd WHERE tgd.depID = idTabla;
  END if;

	IF (tabla = 'tramTipoDocumento') then
    SELECT td.ttypDesc into dsc FROM tramTipoDocumento td WHERE td.ttypDoc = idTabla;
  END if;
    
  IF dsc IS NULL then
  	SET dsc = 'No Encontrado';
  END if;
    
  RETURN dsc;

END
$$

--
-- Definition for function fnTramGetRegistroRef
--
DROP FUNCTION IF EXISTS fnTramGetRegistroRef$$
CREATE DEFINER = 'root'@'localhost'
FUNCTION fnTramGetRegistroRef(`idHist` INT)
  RETURNS varchar(20) CHARSET utf8 COLLATE utf8_spanish_ci
BEGIN

  DECLARE docId INT;
  DECLARE docReg VARCHAR(20);

  SELECT h.thisDoc into docId FROM tramHistorial h WHERE h.thisId = idhist;

  SELECT d.tdocRegistro into docReg FROM tramDocumento d WHERE d.tdocId = docId;

  RETURN docReg;

END
$$

--
-- Definition for function fnTramGetTimeAtention
--
DROP FUNCTION IF EXISTS fnTramGetTimeAtention$$
CREATE DEFINER = 'root'@'localhost'
FUNCTION fnTramGetTimeAtention(`doc` INT, `hist` INT, `docr` INT)
  RETURNS varchar(50) CHARSET utf8 COLLATE utf8_spanish_ci
BEGIN

  DECLARE ref VARCHAR(10);
  DECLARE tiat VARCHAR(50);
  DECLARE startDate DATETIME;
  DECLARE endDate DATETIME;

  SELECT d.tdocRef into ref FROM tramDocumento d WHERE d.tdocId = doc;

  IF (ref IS NULL) then
    SELECT h.thisDateTimeR into startDate FROM tramHistorial h WHERE h.thisId = hist;
    SELECT h.thisDateTimeD into endDate FROM tramHistorial h WHERE h.thisId = hist;
  	SET tiat = fnTramGetDateDif(startDate, endDate, 2);
    RETURN tiat;
  END if;

  SELECT h.thisDateTimeD into startDate FROM tramDocumento d INNER JOIN tramHistorial h ON d.tdocId = h.thisDoc WHERE d.tdocId = docr;
  SELECT h.thisDateTimeR into endDate FROM tramHistorial h WHERE h.thisId = hist;

  SET tiat = fnTramGetDateDif(startDate, endDate, 2);
  RETURN tiat;

END
$$

DELIMITER ;

--
-- Definition for view vtramdestinatario
--
DROP VIEW IF EXISTS vtramdestinatario CASCADE;
CREATE OR REPLACE 
	DEFINER = 'root'@'localhost'
VIEW vtramdestinatario
AS
	select `p`.`tprId` AS `clave`,`p`.`tprFulName` AS `denominacion`,'tramPersona' AS `tabla`,'1' AS `idtabla` from `trampersona` `p` union all select `d`.`depId` AS `clave`,`d`.`depDsc` AS `denominacion`,'tramDependencia' AS `tabla`,'2' AS `idtabla` from `tramdependencia` `d`;

-- 
-- Dumping data for table cod_cont
--
INSERT INTO cod_cont VALUES
(1, 'DOC1800049', 'EXP1800044');

-- 
-- Dumping data for table migrations
--
INSERT INTO migrations VALUES
('2014_10_12_000000_create_users_table', 1),
('2017_12_18_124959_create_sistema_table', 1),
('2017_12_18_125406_create_roles_table', 1),
('2017_12_18_125913_create_table_proyecto', 1),
('2017_12_18_141550_create_tipodocumento_table', 1),
('2017_12_18_142103_create_archivador_table', 1),
('2017_12_18_145117_create_documento_table', 1),
('2017_12_18_150413_create_historial_table', 1),
('2017_12_18_151116_create_persona_table', 1),
('2017_12_18_151646_create_dependencia_table', 1),
('2017_12_18_151937_create_contador_table', 1),
('2018_01_17_054314_add_column_historial_archivado', 2);

-- 
-- Dumping data for table tramarchivador
--
INSERT INTO tramarchivador VALUES
(1, 'EXP1800002', '2018-01-04', 'procesando', '2018-01-04', '12:55:31', '2018-01-04', 'int', NULL, 2018, 6, 'EXPEDIENTE ADICIONAL NRO 02 - IES SANTA MONICA'),
(2, 'EXP1800003', '2018-01-04', 'procesando', '2018-01-04', '13:2:36', '2018-01-04', 'int', NULL, 2018, 1, 'ADICIONAL 01 - IES SANTA MONICA JULIACA'),
(3, 'EXP1800004', '2018-01-04', 'procesando', '2018-01-04', '13:24:25', '2018-01-04', 'int', NULL, 2018, 4, 'CRONOGRAMA DE ENTREGA  DE CEMENTO ASFALTICO'),
(4, 'EXP1800005', '2018-01-04', 'procesando', '2018-01-04', '16:57:27', '2018-01-04', 'int', NULL, 2018, 1, 'LIQUIDACIÓN DE OBRA - TECNOLÓGICO PEDRO VILCAPAZA - AZANGARO'),
(5, 'EXP1800006', '2018-01-04', 'procesando', '2018-01-04', '18:42:46', '2018-01-04', 'int', NULL, 2018, 4, 'INICIO DE LAS PRECIPITACION PLUVIALES EN LA CARRETERA ABRA SUSUYA'),
(6, 'EXP1800007', '2018-01-04', 'procesando', '2018-01-04', '18:47:35', '2018-01-04', 'int', NULL, 2018, 4, 'SOLICITA AMPLIACIÓN DE PLAZO PARCIAL NRO 03 DE LA CARRETERA ABRA SUSUYA'),
(7, 'EXP1800008', '2018-01-04', 'procesando', '2018-01-04', '19:1:52', '2018-01-04', 'int', NULL, 2018, 10, 'REEMPLAZO  DE PERSONAL EN SEGURIDAD  Y SALUD'),
(8, 'EXP1800009', '2018-01-04', 'procesando', '2018-01-04', '19:9:49', '2018-01-04', 'int', NULL, 2018, 10, 'DESISTIMIENTO DE ARBITRAJE '),
(9, 'EXP1800010', '2018-01-04', 'aperturado', '2018-01-04', '19:16:45', '2018-01-04', 'int', NULL, 2018, 5, 'INFORME FINAL DE LA OBRA IEI CCOROCCA - LARIMAYO - MELGAR '),
(10, 'EXP1800011', '2018-01-04', 'procesando', '2018-01-04', '19:24:21', '2018-01-04', 'int', NULL, 2018, 12, 'MODIFICACIÓN DE PRESUPUESTO ANALÍTICO NRO 02'),
(11, 'EXP1800012', '2018-01-04', 'procesando', '2018-01-04', '19:30:51', '2018-01-04', 'int', NULL, 2018, 2, 'MODIFICACION DE PRESUPUESTO ANALITICO NRO 01'),
(12, 'EXP1800013', '2018-01-04', 'procesando', '2018-01-04', '19:35:46', '2018-01-04', 'int', NULL, 2018, 11, 'DESIGNACIÓN DE SUPERVISOR DE OBRA  CON FINES ADMINISTRATIVOS'),
(13, 'EXP1800014', '2018-01-04', 'procesando', '2018-01-04', '20:3:21', '2018-01-04', 'int', NULL, 2018, 1, 'INCLUSIÓN DE MAQUINARIA FICTA O QUE NO LABORO EN OBRA DURANTE EL MES DE AGOSTO'),
(14, 'EXP1800015', '2018-01-05', 'atendido', '2018-01-05', '9:48:42', '2018-01-10', 'int', NULL, 2018, 15, 'REINICIO DE OBRA DE IES MICAELA BASTIDAS DE PILCUYO  EL COLLAO'),
(15, 'EXP1800016', '2018-01-05', 'procesando', '2018-01-05', '10:37:34', '2018-01-05', 'int', NULL, 2018, 7, 'REVISIÓN DEL INFORME MENSUAL DE SETIEMBRE 20107'),
(16, 'EXP1800017', '2018-01-05', 'atendido', '2018-01-05', '10:48:49', '2018-01-10', 'int', NULL, 2018, 16, 'LEVANTAMIENTO DE OBSERVACIONES CON RESPECTO DE INFORME TECNICO'),
(17, 'EXP1800018', '2018-01-05', 'procesando', '2018-01-05', '19:27:52', '2018-01-10', 'int', NULL, 2018, 4, 'DESCARGA DEL CONSORCIO MACUSANI - CARRETERA ABRA SUSUYA'),
(18, 'EXP1800019', '2018-01-05', 'procesando', '2018-01-05', '20:3:56', '2018-01-08', 'int', NULL, 2018, 17, 'INFORME MENSUAL DE DICIEMBRE'),
(19, 'EXP1800020', '2018-01-05', 'procesando', '2018-01-05', '20:8:7', '2018-01-08', 'int', NULL, 2018, 7, 'INFORME MENSUAL DE OCTUBRE 2017'),
(20, 'EXP1800021', '2018-01-07', 'procesando', '2018-01-07', '21:41:47', '2018-01-08', 'int', NULL, 2018, 18, 'INFORME MENSUAL DICIEMBRE '),
(21, 'EXP1800022', '2018-01-07', 'procesando', '2018-01-07', '21:53:43', '2018-01-08', 'int', NULL, 2018, 8, 'INFORME MENSUAL DE NOVIEMBRE DEL PROYECTO CADENA DE VALOR DE LA FIBRA DE ALPACA'),
(22, 'EXP1800023', '2018-01-07', 'aperturado', '2018-01-07', '22:39:47', '2018-01-07', 'int', NULL, 2018, 13, 'IN FORME DE CORTE DE OBRA 2017'),
(23, 'EXP1800024', '2018-01-07', 'procesando', '2018-01-07', '22:44:22', '2018-01-08', 'int', NULL, 2018, 7, 'INFORME MENSUAL DEL MES DE NOVIEMBRE - CADENA DE VALOR DE LA FIBRA DE ALPACA ZONA NORTE'),
(24, 'EXP1800025', '2018-01-07', 'procesando', '2018-01-07', '22:57:39', '2018-01-08', 'int', NULL, 2018, 19, 'SEGUNDO ADELANTO POR EL 10% DE MATERIALES E INSUMOS '),
(25, 'EXP1800026', '2018-01-07', 'procesando', '2018-01-07', '23:12:36', '2018-01-10', 'int', NULL, 2018, 21, 'SITUACIÓN DE SUPERVISORES DE OVINOS NORTE Y SUR - NO SE CUENTA CON PRESUPUESTO PARA EL PAGO DE LOS S'),
(26, 'EXP1800027', '2018-01-07', 'procesando', '2018-01-07', '23:16:19', '2018-01-08', 'int', NULL, 2018, 6, 'SEGUIMIENTO DEL PROYECTO SANTA MONICA DE JULIACA'),
(27, 'EXP1800028', '2018-01-07', 'procesando', '2018-01-07', '23:20:26', '2018-01-08', 'int', NULL, 2018, 12, 'IMPLEMENTACIÓN DE RECOMENDACIONES'),
(28, 'EXP1800029', '2018-01-07', 'procesando', '2018-01-07', '23:22:59', '2018-01-08', 'int', NULL, 2018, 6, 'IMPLEMENTACIÓN DE RECOMENDACIONES - IES SANTA MONICA JULIACA'),
(29, 'EXP1800030', '2018-01-05', 'atendido', '2018-01-08', '15:20:57', '2018-01-10', 'int', NULL, 2018, 22, 'ADICIONAL - DEDUCTIVO NRO 03 - CARRETERA PUSI AYABACAS'),
(30, 'EXP1800031', '2018-01-05', 'procesando', '2018-01-08', '16:9:24', '2018-01-08', 'int', NULL, 2018, 4, 'INCUMPLIMIENTO A LA DIRECTIVA REGIONAL NRO 12 - 2012'),
(31, 'EXP1800032', '2018-01-05', 'procesando', '2018-01-08', '16:16:35', '2018-01-08', 'int', NULL, 2018, 13, 'INFORME MENSUAL DE DICIEMBRE - MATERNO INFANTIL'),
(32, 'EXP1800033', '2018-01-05', 'aperturado', '2018-01-08', '16:46:29', '2018-01-08', 'int', NULL, 2018, 21, 'INFORME MENSUAL NOVIEMBRE - OVINOS SUR '),
(33, 'EXP1800034', '2018-01-05', 'procesando', '2018-01-08', '17:9:19', '2018-01-08', 'int', NULL, 2018, 23, 'INFORME MENSUAL DE DICIEMBRE - 2017  - ESTADIO GUILLERMO BRICEÑO ROSAMEDINA DE JULIACA'),
(34, 'EXP1800035', '2018-01-05', 'procesando', '2018-01-08', '17:39:48', '2018-01-08', 'int', NULL, 2018, 24, 'INFORME MENSUAL DEL MES DE DICIEMBRE  - RONDAS CAMPESINAS'),
(35, 'EXP1800036', '2018-01-05', 'procesando', '2018-01-08', '17:47:52', '2018-01-08', 'int', NULL, 2018, 25, 'IMPLEMENTACIÓN DE RECOMENDACIONES - CARRETERA SAN JUAN DE SALINAS TRAMO I'),
(36, 'EXP1800037', '2018-01-05', 'procesando', '2018-01-08', '17:56:12', '2018-01-08', 'int', NULL, 2018, 26, 'IMPLEMENTACIÓN DE RECOMENDACIONES  - PUENTE JUCHUY CCASA - SINA YANAHUAYA'),
(37, 'EXP1800038', '2018-01-05', 'procesando', '2018-01-08', '18:2:17', '2018-01-10', 'int', NULL, 2018, 27, 'AMPLIACIÓN DE PLAZO NRO 02 - ESTADIO DE AZANGARO'),
(38, 'EXP1800039', '2018-01-05', 'aperturado', '2018-01-08', '18:9:18', '2018-01-08', 'int', NULL, 2018, 28, 'INFORME MENSUAL DE SETIEMBRE 2017 - RIEGO TECNIFICADO PUCARA'),
(39, 'EXP1800040', '2018-01-05', 'aperturado', '2018-01-08', '18:12:47', '2018-01-08', 'int', NULL, 2018, 28, 'INFORME MENSUAL DEL MES DE OCTUBRE 2017 - RIEGO TECNIFICADO PUCARA'),
(40, 'EXP1800041', '2018-01-04', 'aperturado', '2018-01-10', '15:57:27', '2018-01-10', 'int', NULL, 2018, 1, 'CONFORMIDAD DE LA VALORIZACION Nº19'),
(41, 'EXP1800042', '2018-01-04', 'aperturado', '2018-01-10', '16:6:55', '2018-01-10', 'int', NULL, 2018, 1, 'CONFORMIDAD DE LA VALORIZACION Nº20 AYABACAS-PUSI'),
(42, 'EXP1800043', '2018-01-08', 'procesando', '2018-01-12', '16:32:56', '2018-01-12', 'int', NULL, 2018, 22, 'AMPLIACION DE PLAZO PARCIAL NRO 13 - PUSI AYABACAS'),
(43, 'EXP1800044', '2018-01-08', 'procesando', '2018-01-12', '16:42:15', '2018-01-12', 'int', NULL, 2018, 10, 'CRONOGRAMA DE SUPERVISION DE OBRAS DE ESPECIALISTAS - ENERO 2018');

-- 
-- Dumping data for table tramdependencia
--
INSERT INTO tramdependencia VALUES
(1, 'DEP00001', 'OFICINA REGIONAL DE SUPERVISIÓN Y LIQUIDACIÓN DE PROYECTOS', 'Oficina de Supervisión', 1),
(2, NULL, 'INSTITUTO SUPERIOR TECNOLÓGICO SUPERIOR  PUBLICO PEDRO VILCAPAZA', 'ISTP PEDRO VILCAPAZA - AZANGARO', NULL),
(3, NULL, 'CONSORCIO EDUCATIVO SANTA MONICA', 'CONSORCIO SANTA MONICA', NULL),
(4, NULL, 'CONSORCIO MACUSANI', 'CONSORCIO MACUSANI', NULL),
(5, NULL, 'SUB GERENCIA DE OBRAS', 'SGO', NULL),
(6, NULL, 'GERENCIA REGIONAL DE INFRAESTRUCTURA', 'GRI', NULL),
(7, NULL, 'GERENCIA GENERAL REGIONAL', 'GGR', NULL),
(8, NULL, 'GERENCIA REGIONAL DE PLANEAMIENTO PRESUPUESTO Y ACONDICIONAMIENTO TERRITORIAL', 'GRPPyAT', NULL),
(9, NULL, 'GERENCIA REGIONAL DE DESARROLLO SOCIAL', 'GRDS', NULL),
(10, NULL, 'GERENCIA REGIONAL DE DESARROLLO  ECONOMICO', 'GRDE', NULL),
(11, NULL, 'GERENCIA REGIONAL DE RECURSOS NATURALES Y GESTION DEL MEDIO AMBIENTE', 'GRRNyGMA', NULL),
(12, NULL, 'OFICINA REGIONAL DE ASESORIA JURIDICA', 'ORAJ', NULL),
(13, NULL, 'CONSORCIO SUPERVISOR SMPM', 'CONSORCIO  SUPERVISOR SMPM', NULL),
(14, NULL, 'CONSORCIO VIAL CHUPA', 'CONSORCIO VIAL CHUPA', NULL),
(15, NULL, 'PROGRAMA DE APOYO AL DESARROLLO RURAL ANDINO', 'PRADERA', NULL),
(16, NULL, 'CONSORCIO VIAL PUSI AYABACAS', 'CONSORCIO VIAL PUSI AYABACAS', NULL),
(17, NULL, 'JEFE DE LA OFICINA REGIONAL DE SUPERVISIÓN Y LIQUIDACIÓN DE PROYECTOS ', 'JORSYLP', NULL);

-- 
-- Dumping data for table trampersona
--
INSERT INTO trampersona VALUES
(1, '', 'CLAUDIO  ROLANDO CHOQUE JUSTO', 'CHOQUE', 'JUSTO', 'CLAUDIO  ROLANDO', NULL, 'DIRECTOR DEL ISTP', '', NULL, NULL, '2018-01-03 18:43:51', NULL),
(2, '01341517', 'CESAR ALFREDO CATACORA PEÑARANDA', 'CATACORA', 'PEÑARANDA', 'CESAR ALFREDO', NULL, 'COORDINADOR DE OBRAS VIALES', '951531140', NULL, NULL, '2018-01-04 15:00:18', NULL),
(3, '', 'JULIO CESAR VILCA CONDORI', 'VILCA', 'CONDORI', 'JULIO CESAR', NULL, 'ESPECIALISTA EN OBRAS POR CONTRATA', '951820445', NULL, NULL, '2018-01-04 15:02:48', NULL),
(4, '', 'EDDIE SALOMON PUMA HUAYAPA', 'PUMA', 'HUAYAPA', 'EDDIE SALOMON', NULL, 'PERSONAL NOMBRADO - INGENIERO', '', NULL, NULL, '2018-01-04 20:37:37', NULL),
(5, '', 'GUIDO ALBERTO FLORES PACORI', 'FLORES', 'PACORI', 'GUIDO ALBERTO', NULL, 'COORDINADOR DE OBRAS DE EDIFICACION', '', NULL, NULL, '2018-01-04 20:40:48', NULL),
(6, '', 'KATIA VANESSA FLORES ANGLES', 'FLORES', 'ANGLES', 'KATIA VANESSA', NULL, 'ESPECIALISTA LEGAL', '', NULL, NULL, '2018-01-04 20:42:53', NULL),
(7, '', 'JACOBO BENIGNO CONDORENA PAREDES', 'CONDORENA', 'PAREDES', 'JACOBO BENIGNO', NULL, 'PERSONAL NOMBRADO - INGENIERO', '', NULL, NULL, '2018-01-05 10:37:08', NULL),
(8, '', 'OSCAR ERADIO LAZO MOTTA', 'LAZO', 'MOTTA', 'OSCAR ERADIO', NULL, 'SUPERVISOR DE OBRA ZONA NORTE', '', NULL, NULL, '2018-01-05 10:38:42', NULL),
(9, '', 'ING LEONARDO APAZA PACORICONA', 'APAZA', 'PACORICONA', 'ING LEONARDO', NULL, 'SUPERVISOR DE OBRA', '', NULL, NULL, '2018-01-05 10:45:55', NULL),
(10, '', 'EDER EDUARDO CCALLE ZUÑIGA', 'CCALLE', 'ZUÑIGA', 'EDER EDUARDO', NULL, 'INSPECTOR DE OBRA', '', NULL, NULL, '2018-01-05 19:30:42', NULL),
(11, '', ' YONY ROLANDO MAMANI SUCASACA', 'MAMANI', 'SUCASACA', ' YONY ROLANDO', NULL, 'SUPERVISOR DE OBRA', '', NULL, NULL, '2018-01-07 21:51:59', NULL),
(12, '', 'ING. VICTOR MIGUEL POSTIGO NAVEDA', 'POSTIGO', 'NAVEDA', 'ING. VICTOR MIGUEL', NULL, 'SUPERVISOR DE OBRA', '', NULL, NULL, '2018-01-07 22:36:39', NULL),
(13, '', 'ING VICTOR MIGUEL POSTIGO NAVEDA', 'POSTIGO', 'NAVEDA', 'ING VICTOR MIGUEL', NULL, 'SUPERVISOR DE OBRA', '', NULL, NULL, '2018-01-07 22:39:35', NULL),
(14, '', 'RAIMUNDO PALOMINO HERRERA', 'PALOMINO', 'HERRERA', 'RAIMUNDO', NULL, 'REPRESENTANTE COMUN', '', NULL, NULL, '2018-01-07 22:54:58', NULL),
(15, '', 'MVZ JAIME JULIO FIGUEROA MIRANDA', 'FIGUEROA', 'MIRANDA', 'MVZ JAIME JULIO', NULL, 'DIRECTOR', '', NULL, NULL, '2018-01-07 23:09:12', NULL),
(16, '', 'ING ARNALDO YANA TORRES', 'YANA', 'TORRES', 'ING ARNALDO', NULL, 'GERENTE REGIONAL', '', NULL, NULL, '2018-01-07 23:14:42', NULL),
(17, '', 'DR TEODOCIO LUPA QUISOCALA', 'LUPA', 'QUISOCALA', 'DR TEODOCIO', NULL, 'GERENTE GENERAL', '', NULL, NULL, '2018-01-07 23:18:52', NULL),
(18, '', 'JOSE ANTONIO PARDES VERA', 'PARDES', 'VERA', 'JOSE ANTONIO', NULL, 'JEFE DE SUPERVISION', '', NULL, NULL, '2018-01-08 15:18:24', NULL),
(19, '', 'ING GERONIMO JUAN  FERNANDEZ HANCO', 'FERNANDEZ', 'HANCO', 'ING GERONIMO JUAN ', NULL, 'SUPERVISOR DE OBRA', '', NULL, NULL, '2018-01-08 16:57:16', NULL),
(20, '', 'ABOG RAQUEL MARIA MENDOZA MERMA', 'MENDOZA', 'MERMA', 'ABOG RAQUEL MARIA', NULL, 'SUPERVISOR DE PROYECTO', '', NULL, NULL, '2018-01-08 17:35:24', NULL),
(21, '', 'ABOG SALVADOR APAZA HUANCA', 'APAZA', 'HUANCA', 'ABOG SALVADOR', NULL, 'JEFE DE OFICINA', '', NULL, NULL, '2018-01-08 18:00:28', NULL),
(22, '', 'ING VALENTIN F SILVA DUEÑAS', 'SILVA', 'DUEÑAS', 'ING VALENTIN F', NULL, 'INGENIERO IV', '', NULL, NULL, '2018-01-08 18:07:36', NULL),
(23, '', 'BLOG DANIEL DAVID NINA ICHUTA', 'NINA', 'ICHUTA', 'BLOG DANIEL DAVID', NULL, 'SUPERVISOR DE PROYECTO', '', NULL, NULL, '2018-01-08 18:50:24', NULL),
(24, '', 'ING HERACLIDES PAUCAR GAMARRA', 'PAUCAR', 'GAMARRA', 'ING HERACLIDES', NULL, 'COORDINADOR', '', NULL, NULL, '2018-01-08 18:56:44', NULL),
(25, '', 'RONALD EDSON YANQUI QUISPE', 'YANQUI', 'QUISPE', 'RONALD EDSON', NULL, 'JEFE DE ORSyLP', '', NULL, NULL, '2018-01-10 12:03:23', NULL),
(26, '', 'ANA  PACORI TOQUE', 'PACORI', 'TOQUE', 'ANA ', NULL, 'ESPECIALISTA ADMINISTRATIVO DE SUPERVISION', '', NULL, NULL, '2018-01-10 12:30:29', NULL),
(27, '', 'ING FLORENCIO  YACO AGUILAR', 'YACO', 'AGUILAR', 'ING FLORENCIO ', NULL, 'JEFE SUPERVISOR', '', NULL, NULL, '2018-01-12 16:36:06', NULL);

-- 
-- Dumping data for table tramproyecto
--
INSERT INTO tramproyecto VALUES
(1, NULL, 2016, 'MEJORAMIENTO DEL SERVICIO EDUCATIVO EN EL INSTITUTO  SUPERIOR TECNOLÓGICO PUBLICO PEDRO VILCAPAZA PROVINCIA DE AZANGARO - PUNO', 'MEJORAMIENTO DEL  TECNOLÓGICO PUBLICO  PEDRO VILCAPAZA', '', NULL),
(2, NULL, 2017, 'MEJORAMIENTO DE LOS SERVICIOS EDUCATIVOS  EN LA INSTITUCION EDUCATIVA PRIMARIA IEP NRO 70561 URBANIZACION 9 DE OCTUBRE DEL DISTRITO DE JULIACA - SAN ROMAN - PUNO', 'MEJORAMIENTO DEL IEP 9 DE OCTUBRE - JULIACA', '137240', NULL),
(3, NULL, 2017, 'MEJORAMIENTO DE LOS SERVICIOS EDUCATIVOS  EN LA INSTITUCION EDUCATIVA PRIMARIA IEP NRO 70561 URBANIZACION 9 DE OCTUBRE DEL DISTRITO DE JULIACA - SAN ROMAN - PUNO', 'MEJORAMIENTO DEL IEP 9 DE OCTUBRE - JULIACA', '137240', NULL),
(4, NULL, 2017, '\tMEJORAMIENTO DE LA CARRETERA MACUSANI - ABRA SUSUYA, DISTRITO DE MACUSANI, PROVINCIA DE CARABAYA - PUNO', 'CARRETERA ABRA SUSUYA - MACUSANI', '186979', NULL),
(5, NULL, 2017, 'MEJORAMIENTO DE LOS SERVICIOS DE LA INSTITUCION EDUCATIVA INICIAL CCOROCCA DEL CENTRO POBLADO DE LARIMAYO, DISTRITO ANTAUTA - MELGAR - PUNO', 'IEI CCOROCCA DEL CP LARIMAYO  - ANTAUTA  - MELGAR', '234563', NULL),
(6, NULL, 2017, 'INSTALACION DEL SERVICIO EDUCATIVO DE LA INSTITUCION EDUCATIVA SECUNDARIA SANTA MONICA EN EL DISTRITO DE JULIACA, PROVINCIA DE SAN ROMAN - PUNO', 'IES SANTA MONICA EN EL DISTRITO DE JULIACA', '2194501', NULL),
(7, NULL, 2016, 'MEJORAMIENTO DE LA CADENA DE VALOR DE LA FIBRA DE ALPACA EN LA REGION PUNO - ZONA NORTE', 'CADENA DE VALOR DE FIBRA DE ALPACA - ZONA NORTE', '2187217', NULL),
(8, NULL, 2016, 'MEJORAMIENTO DE LA CADENA DE VALOR DE LA FIBRA DE ALPACA EN LA REGION PUNO - ZONA SUR', 'CADENA DE VALOR DE FIBRA DE ALPACA - ZONA SUR', '2187217', NULL),
(9, NULL, 2016, 'MEJORAMIENTO DE LA TECNIFICACION DE PROCESOS PARA LA CADENA PRODUCTIVA DE LA LECHE EN LA REGION PUNO', 'TECNOLECHE', '2325694', NULL),
(10, NULL, 2017, 'AMPLIACION Y MEJORAMIENTO DE LA CAPACIDAD RESOLUTIVA DEL HOSPITAL DE APOYO SAN MARTIN DE PORRES DE MACUSANI, PROVINCIA DE CARABAYA - PUNO', 'MEJORAMIENTO DEL HOSPITAL DE APOYO SAN MARTIN DE PORRES DE MACUSANI', '2227389', NULL),
(11, NULL, 2017, 'MEJORAMIENTO DEL SERVICIO DE EDUCACION INICIAL DE LA I.E. NRO. 500 DEL CENTRO POBLADO VILLA CHIMU, DISTRITO ZEPITA - CHUCUITO - PUNO', 'MEJORAMIENTO IEI NRO 500 DEL CENTRO POBLADO VILLA CHIMU, DISTRITO ZEPITA - CHUCUITO', '2231592', NULL),
(12, NULL, 2017, 'CONSTRUCCION DEL HOSPITAL MATERNO INFANTIL DEL CONO SUR JULIACA - OBRAS COMPLEMENTARIAS', 'MATERNO CONO SUR - CONTINGENCIA', '2108576', NULL),
(13, NULL, 2017, 'CONSTRUCCION DEL HOSPITAL MATERNO INFANTIL DEL CONO SUR JULIACA ', 'MATERNO CONO SUR ', '2108576', NULL),
(14, NULL, 2017, 'MEJORAMIENTO DE LOS SERVICIOS DE LA INSTITUCION EDUCATIVA INICIAL CCOROCCA DEL CENTRO POBLADO DE LARIMAYO, DISTRITO ANTAUTA - MELGAR - PUNO', 'MEJORAMIENTO IEI CCOROCCA DEL CP DE LARIMAYO, DISTRITO ANTAUTA - MELGAR - PUNO', '2230842', NULL),
(15, NULL, 2017, 'MEJORAMIENTO DE LOS SERVICIOS EDUCATIVOS DE LA INSTITUCION EDUCATIVA SECUNDARIA TECNICO INDUSTRIAL MICAELA BASTIDAS DE PILCUYO, DISTRITO DE PILCUYO, PROVINCIA EL COLLAO-PUNO', 'MEJORAMIENTO DE LA IES MICAELA BASTIDAS DE PILCUYO DE EL COLLAO', '2177545', NULL),
(16, NULL, 2016, 'MEJORAMIENTO DEL SERVICIO EDUCATIVO EN LA I.E.I. MILILAYA DE LA COMUNIDAD DE MILILAYA, DISTRITO TILALI MOHO PUNO', 'MEJORAMIENTO IEI MILILAYA  - TILALI - MOHO', '223545', NULL),
(17, NULL, 2016, 'MEJORAMIENTO DE LA CARRETERA CALACOTA - SANTA ROSA DE HUAYLLATA (RUTA R-11) DISTRITO DE ILAVE PROVINCIA DE EL COLLAO - PUNO', 'CARRETERA CALACOTA SANTA ROSA DE HUAYLLATA - ILAVE ', '2178716', NULL),
(18, NULL, 2017, 'INSTALACION DE SERVICIOS DE ASISTENCIA TECNICA EN EL CULTIVO DE SUCHE Y PEJERREY A POBLADORES FOCALIZADOS EN LA REGION PUNO', 'ASISTENCIA TECNICA DE CULTIVO SUCHE Y PEJERREY', '2191077', NULL),
(19, NULL, 2017, 'MEJORAMIENTO DE LA CARRETERA ARAPA - CHUPA (PU 114) - DV. HUANCANE (EMP. PE 34H), PROVINCIAS DE AZANGARO Y HUANCANE - PUNO - TRAMO I: DV HUANCANE - CHUPA', 'CARRETERA ARAPA - CHUPA (PU 114) TRAMO I: DV HUANCANE - CHUPA', '2294382', NULL),
(20, NULL, 2016, 'MEJORAMIENTO DE LA PRODUCTIVIDAD DE LECHE, CARNE Y LANA EN EL GANADO OVINO DE LA ZONA NORTE DE LA REGION PUNO', 'OVINOS NORTE', '2164116', NULL),
(21, NULL, 2016, 'MEJORAMIENTO DE LA PRODUCTIVIDAD DE LECHE, CARNE Y LANA EN EL GANADO OVINO DE LA ZONA SUR DE LA REGION PUNO', 'OVINOS SUR', '2194668', NULL),
(22, NULL, 2016, 'MEJORAMIENTO DE LA CARRETERA PU 654, AYABACAS- PUSI PROVINCIAS DE SAN ROMAN Y HUANCANE - PUNO', 'CARRETERA PUSI AYABACAS', 'MEJORAMIENTO', NULL),
(23, NULL, 2017, 'MEJORAMIENTO DE LA CAPACIDAD DE PRESTACION DE SERVICIOS DEPORTIVOS EN EL ESTADIO GUILLERMO BRICEÑO ROSAMEDINA DE LA CIUDAD DE JULIACA, PROVINCIA DE SAN ROMAN - PUNO', 'MEJORAMIENTO DEL ESTADIO GUILLERMO  BRICEÑO ROSAMEDINA', '2188542', NULL),
(24, NULL, 2016, 'MEJORAMIENTO DE LOS SERVICIOS DE SEGURIDAD CIUDADANA RURAL EN LAS PROVINCIAS DE MAYOR INCIDENCIA DE INSEGURIDAD SOCIAL DE LA REGION PUNO', 'RONDAS CAMPESINAS', '2230878', NULL),
(25, NULL, 2016, 'MEJORAMIENTO DE LA CARRETERA AZANGARO (EMP. PU-113) - SAN JUAN DE SALINAS - CHUPA, DISTRITOS DE AZANGARO, SAN JUAN DE SALINAS Y CHUPA, PROVINCIA DE AZANGARO -PUNO TRAMO I: KM 00+000 (DV SAN JUAN DE SALINAS) AL KM 09+000 (CURAYLLO)', 'CARRETERA SAN JUAN DE SALINAS TRAMO I: DV SAN JUAN DE SALINAS AL CURAYLLO', '2267525', NULL),
(26, NULL, 2016, 'CONSTRUCCION DEL PUENTE JUCHUY CCASA DEL TRAMO III SINA YANAHUAYA DE LA CONSTRUCCION Y MEJORAMIENTO DE LA CARRETERA DESVIO VILQUECHICO-COJATA-SINA-YANAHUAYA', 'PUENTE JUCHUY CCASA TRAMO III', '2131661', NULL),
(27, NULL, 2016, 'MEJORAMIENTO DEL ESTADIO MUNICIPAL CESAR RAUL CARRERA DEL DISTRITO DE AZANGARO, PROVINCIA DE AZANGARO - PUNO', 'ESTADIO MUNICIPAL DE AZANGARO', '2163853', NULL),
(28, NULL, 2106, 'CONSTRUCCIÓN DEL SISTEMA DE RIEGO TECNIFICADO PUCARA - COMPONENTE INSTALACIÓN DE TUBERÍAS DISTRIBUCIÓN Y VÁLVULAS E HIDRANTES', 'RIEGO TECNIFICADO PUCARA - COMPONENTE INSTALACIÓN DE TUBERÍAS DISTRIBUCIÓN Y VÁLVULAS E HIDRANTES', '2147416', NULL);

-- 
-- Dumping data for table tramsistema
--
INSERT INTO tramsistema VALUES
(1, 'gestion', 'registrar', 'Registrar Documento', 'gregistrar'),
(2, 'gestion', 'editar', 'Editar Documento', 'geditar'),
(3, 'gestion', 'eliminar', 'Eliminar Documento', 'geliminar'),
(4, 'gestion', 'derivar', 'Derivar Documento', 'gderivar'),
(5, 'gestion', 'menu', 'Menu de Gestión Documentaria', 'gmenu'),
(6, 'bandeja', 'busqueda', 'Busqueda de Documentos', 'bbusqueda'),
(7, 'bandeja', 'menu', 'Menu de Bandeja de Documentos', 'bmenu'),
(9, 'reporte', 'menu', 'Menu de Resportes', 'rmenu'),
(10, 'reporte', 'ver', 'Visualizar Reportes', 'rver'),
(11, 'reporte', 'pdf', 'Visualizar Reportes en PDF', 'rpdf'),
(12, 'configuracion', 'menu', 'Menu de Configuración del Sistema', 'cmenu');

-- 
-- Dumping data for table tramtipodocumento
--
INSERT INTO tramtipodocumento VALUES
('', '', '2018-01-04', '2018-01-04', 1),
('CAR', 'Carta', NULL, NULL, 1),
('EXT', 'Expediente', NULL, NULL, 1),
('INF', 'Informe', NULL, NULL, 1),
('MEM', 'Memorandum', NULL, NULL, 1),
('MMM', 'Memorandum múltiple', NULL, NULL, 1),
('OFC', 'Oficio circular', NULL, NULL, 1),
('OFI', 'Oficio', NULL, NULL, 1),
('OPIN ', 'OPINIÓN LEGAL', '2018-01-04', '2018-01-04', NULL),
('PLT', 'Plan de trabajo', NULL, NULL, 1),
('SOL', 'Solicitud', NULL, NULL, 1);

-- 
-- Dumping data for table tramusuario
--
INSERT INTO tramusuario VALUES
('00000000', 'admin', '$2y$10$vrHA9S4loq8wenSCku3AteWwKLfR6keNuj0ceEQNCRmsBh8nSRXQa', 'Usuario', 'Administrador', 'Sistema', '1', 'admin', 'admin', '0000-00-00 00:00:00', 1),
('41296446', '41296446', '$2y$10$Vz.2ARLNvO333eUObCXGo.Ae/k.QpI6nZeVYWVBYwAxKyVAQb9nTC', 'RONALD EDSON', 'YANQUI', 'QUISPE', '17', 'admin', '00000000', '2018-01-08 19:34:19', 1),
('46058504', '46058504', '$2y$10$XfILdjer9tBLyy7sRF1QuepnSU.I1asvUJiyudkFbWcLbvbQwM0ne', 'ROXANA ', 'MAMANI', 'CRUZ', '1', 'user1', '00000000', '2018-01-10 11:43:51', 1),
('46703505', '46703505', '$2y$10$JO3UNnBzArw5qnAS5dxNRuUOqy0AhDnUz8vYi.fWvw2YijI98xg0a', 'ANA EVELIA', 'PACORI', 'TOQUE', '1', 'user1', '00000000', '2018-01-03 18:22:40', 1),
('73194984', '73194984', '$2y$10$ETpfjYtQU0GZYB3qpNUQ5u00aqhS0X/rycjpe7hzfq1dp5XjIC3OS', 'JOSE LUIS ', 'CAJAVILCA', 'CHOQUEMAMANI', '1', 'user1', '00000000', '2018-01-04 20:27:48', 1);

-- 
-- Dumping data for table tramdocumento
--
INSERT INTO tramdocumento VALUES
(1, 'DOC1800002', 1, 'EXP1800002', '3', 6, 'JUAN DE DIOS VELASQUEZ CAYO', NULL, NULL, NULL, 0, 'REPRESENTANTE COMUN', 'CAR', '01', '133-EA', '2018-01-03', 207, 'REMITO EXPEDIENTE ADICIONAL NRO 02 DE IES SANTA MONICA JULIACA', 'derivado', NULL, 'EXPEDIENTE  ADICIONAL NRO 02 DE LA IES SANTA MONICA  AGRANDO LOS PRECIOS PACTADOS EN EL EXPEDIENTE', 'ingreso', 'DOC1800002.pdf', 'pdf', 'docscase/EXP1800002', 'application/pdf', '46703505', NULL, NULL),
(2, 'DOC1800003', 2, 'EXP1800003', '3', 1, 'ROGER VELASQUEZ CAYO', NULL, NULL, NULL, 0, 'SUPERVISOR', 'CAR', '01', '269-SM', '2018-01-03', 19, 'PRONUNCIAMIENTO SOBRE ADICIONAL NRO 01 DE IES SANTA MONICA', 'derivado', NULL, 'EL SUPERVISOR EMITE PRONUNCIAMIENTO SOBRE LA ADICONAL NRO 01', 'ingreso', 'DOC1800003.pdf', 'pdf', 'docscase/EXP1800003', 'application/pdf', '46703505', NULL, NULL),
(3, 'DOC1800004', 3, 'EXP1800004', '4', 4, 'WILFREDO GOMEZ QUISPE ', NULL, NULL, NULL, 0, 'REPRESENTANTE COMUN', 'CAR', '73', '9', '2018-01-03', 4, 'SOLICITO CRONOGRAMA DE ENTREGA DE CEMENTO ASFALTICO PEN 120/150', 'derivado', NULL, 'REMITE LA SOLICITUD DE CRONOGRAMA DE ENTREGA DE CEMENTO ASFALTICO PEN 120/150 DE LA CARRETERA ABRA SUSUSYA', 'ingreso', 'DOC1800004.pdf', 'pdf', 'docscase/EXP1800004', 'application/pdf', '46703505', NULL, NULL),
(4, 'DOC1800005', 4, 'EXP1800005', '2', 1, 'CLAUDIO  ROLANDO CHOQUE JUSTO', NULL, NULL, NULL, 1, 'DIRECTOR  DEL ISTP ', 'OFI', '172', '08', '2018-01-03', 4, 'CULMINACIÓN DE LIQUIDACION DE OBRA DE LA ISTP PEDRO VILCAPAZA - AZANGARO', 'derivado', NULL, 'SOLICITA LA LIQUIDACION DE LA OBRA DEL TECNOLOGIO PEDRO VILCAPAZA - AZANGARO', 'ingreso', 'DOC1800005.pdf', 'pdf', 'docscase/EXP1800005', 'application/pdf', '46703505', NULL, NULL),
(5, 'DOC1800006', 5, 'EXP1800006', '4', 4, 'WILFREDO GOMEZ QUISPE', NULL, NULL, NULL, 1, 'REPRESENTANTE COMUN', 'CAR', '72', '11', '2018-01-03', 4, 'OPINION TECNICA DEL INICIO DE LAS PRECIPITACIONES PLUVIALES ', 'derivado', NULL, 'SOLICITA  OPINION TECNICA DEL INICIO DE PRECIPITACIONES PLUVIALES EN LA CARRETERA ABRA SUSUYA', 'ingreso', 'DOC1800006.pdf', 'pdf', 'docscase/EXP1800006', 'application/pdf', '46703505', NULL, NULL),
(6, 'DOC1800007', 6, 'EXP1800007', '4', 4, 'WILFREDO GOMEZ QUISPE', NULL, NULL, NULL, 1, 'REPRESENTANTE COMUN', 'CAR', '71', '10', '2018-01-03', 5, 'REITERATIVO A LA SOLICITUD PARA LA EMISIÓN DE RESOLUCIÓN DE AMPLIACIÓN DE PLAZO NRO 03 ', 'derivado', NULL, 'SOLICITA AMPLIACIÓN DE PLAZO PARCIAL NRO 03 DE LA CARRETERA ABRA SUSUSYA', 'ingreso', 'DOC1800007.pdf', 'pdf', 'docscase/EXP1800007', 'application/pdf', '46703505', NULL, NULL),
(7, 'DOC1800008', 7, 'EXP1800008', '13', 10, 'MANUEL ECHANDIA MORENO', NULL, NULL, NULL, 1, 'REPRESENTANTE COMUN', 'CAR', '002', '796-HM', '2018-01-03', 7, 'PROPUESTA DE REEMPLAZO DE PERSONAL EN SEGURIDAD Y SALUD EN OBRA ', 'derivado', NULL, 'EL ING WILLIAM APOLAYA RUIZ  ESPECIALISTA EN SEGURIDAD Y SALUD EN OBRA PRESENTO SU RENUNCIA  Y EN REEMPLAZO ENTRA EL ING RIBERT CRISTHIAN PAYVA AQUINO ', 'ingreso', 'DOC1800008.pdf', 'pdf', 'docscase/EXP1800008', 'application/pdf', '46703505', NULL, NULL),
(8, 'DOC1800009', 8, 'EXP1800009', '13', 10, 'MANUEL ECHANDIA  MORENO ', NULL, NULL, NULL, 1, 'REPRESENTANTE COMUN', 'CAR', '186', '795-HM', '2018-01-03', 1, 'DESISTIMIENTO DE ARBITRAJE  CARTA 132-CII-2017', 'derivado', NULL, 'DESISTE EL ARBITRAJE ', 'ingreso', 'DOC1800009.pdf', 'pdf', 'docscase/EXP1800009', 'application/pdf', '46703505', NULL, NULL),
(9, 'DOC1800010', 9, 'EXP1800010', '5', 5, 'RULY HUACOTO COLLANQUI', NULL, NULL, NULL, 1, 'SUB GERENTE DE OBRAS', 'INF', '1529', '002', '2018-01-04', 8, 'OPINION AL INFORME FINAL DE OBRA', 'registrado', NULL, 'SUBSANACIÓN AL INFORME FINAL DE OBRA ', 'ingreso', 'DOC1800010.pdf', 'pdf', 'docscase/EXP1800010', 'application/pdf', '46703505', NULL, NULL),
(10, 'DOC1800011', 10, 'EXP1800011', '5', 12, 'RULY HUACOTO COLLANQUI', NULL, NULL, NULL, 1, 'SUB GERENTE DE OBRAS', 'INF', '1532', '127-MP', '2018-01-03', 10, 'REMITO MODIFICACIÓN DE PRESUPUESTO  ANALÍTICO NRO 02', 'derivado', NULL, 'SOLICITA MODIFICACIÓN DE PRESUPUESTO ANALÍTICO NRO 02 DE LA OBRA MATERNO CONO SUR', 'ingreso', 'DOC1800011.pdf', 'pdf', 'docscase/EXP1800011', 'application/pdf', '46703505', NULL, NULL),
(11, 'DOC1800012', 11, 'EXP1800012', '5', 2, 'RULY HUACOTO COLLANQUI', NULL, NULL, NULL, 1, 'SUB GERENTE DE OBRAS', 'INF', '1535', '121-MP', '2018-01-03', 27, 'REMITO MODIFICACIÓN DE PRESUPUESTO ANALÍTICO NRO 01 DE IEP 09 DE OCTUBRE DE JULIACA', 'derivado', NULL, 'OBSOLUCION DE OBSERVACIONES DE LA MODIFICACIÓN DE PRESUPUESTO ANALÍTICO NRO 01', 'ingreso', 'DOC1800012.pdf', 'pdf', 'docscase/EXP1800012', 'application/pdf', '46703505', NULL, NULL),
(12, 'DOC1800013', 12, 'EXP1800013', '5', 11, 'RULY HUACOTO COLLANQUI ', NULL, NULL, NULL, 1, 'SUB GERENTE DE OBRAS', 'INF', '1526', '001', '2018-01-03', 5, 'SOLICITO DESIGNACIÓN DE SUPERVISOR DE OBRA ', 'derivado', NULL, 'SOLICITA SUPERVISOR DE OBRA CON FINES ADMINISTRATIVOS PARA PRESENTAR INFORME FINAL', 'ingreso', 'DOC1800013.pdf', 'pdf', 'docscase/EXP1800013', 'application/pdf', '46703505', NULL, NULL),
(13, 'DOC1800014', 13, 'EXP1800014', '12', 1, 'ABOG SALBADOR APAZA HUANCA', NULL, NULL, NULL, 1, 'JEFE DE LA OFICINA REGIONAL DE ASESORIA JURIDICA', 'PLT', '449', '007', '2018-01-03', 74, 'PRONUNCIAMIENTO A LA DECLARACIÓN DE DESIERTO ', 'derivado', NULL, 'SE DECLARA DISIERTO AL SERVICIO PRESTADO DE MAQUINARIA EN LA OBRA SINA YANAHUAYA - TRAMO III - SUB TRAMO 02', 'ingreso', 'DOC1800014.pdf', 'pdf', 'docscase/EXP1800014', 'application/pdf', '46703505', NULL, NULL),
(14, 'DOC1800015', 14, 'EXP1800015', '1', 15, 'CESAR ALFREDO CATACORA PEÑARANDA', NULL, NULL, NULL, 2, 'COORDINADOR DE OBRAS VIALES', 'INF', '337', '006', '2018-01-03', 1, 'INFORME DE SOLICITUD DE REINICIO DE OBRA', 'derivado', NULL, 'SE SOLICITA REINICIO DE OBRA EN EL MES DE ENERO DEL 2018 DE ACUERDO A LA NORMATIVA VIGENTE ', 'ingreso', 'DOC1800015.pdf', 'pdf', 'docscase/EXP1800015', 'application/pdf', '46703505', NULL, NULL),
(15, 'DOC1800016', 15, 'EXP1800016', '1', 7, 'JACOBO BENIGNO CONDORENA  PAREDES', NULL, NULL, NULL, 2, 'DIRECTOR DE PROGRAMA SECTORIAL I', 'INF', '001', '13', '2018-01-03', 108, 'REVISIÓN DEL INFORME MENSUAL DE SETIEMBRE 2017', 'derivado', NULL, 'EL INFORME SE DEVUELVE AL SUPERVISOR PARA LEVANTAMIENTO DE OBSERVACIONES ', 'ingreso', 'DOC1800016.pdf', 'pdf', 'docscase/EXP1800016', 'application/pdf', '46703505', NULL, NULL),
(16, 'DOC1800017', 16, 'EXP1800017', '1', 16, 'ING LEONARDO APAZA PACORICONA', NULL, NULL, NULL, 9, 'SUPERVISOR DE OBRA', 'INF', '01', '126-EA', '2018-01-03', 6, 'AL RESPECTO DE ADJUNTAR EXPEDIENTE TÉCNICO ', 'derivado', NULL, 'LEVANTANDO OBSERVACION CON RESPECTO AL INFORME TECNICO DE PRESUPUESTO ADICIONAL NRO 01 DE LA IEI MILILAYA - TILALI - MOHO', 'ingreso', 'DOC1800017.pdf', 'pdf', 'docscase/EXP1800017', 'application/pdf', '46703505', NULL, NULL),
(17, 'DOC1800018', 17, 'EXP1800018', '1', 4, 'CESAR ALFREDO CATACORA PEÑARANDA', NULL, NULL, NULL, 2, 'COORDINADOR DE OBRAS VIALES', 'INF', '01', '20', '2018-01-04', 22, 'INFORME DE REVISION SEGUN MEMORANDUM NRO 4099-2017-GRI RESPECTO AL DESCARGO DEL CONSORCIO MACUSANI', 'derivado', NULL, 'DESCARGA DEL CONSORCIO MACUSANI CON RESPECTO A LA COLOCACIÓN DEL ASFÁLTICO EN LA CARRETERA ABRA SUSUYA', 'ingreso', 'DOC1800018.pdf', 'pdf', 'docscase/EXP1800018', 'application/pdf', '46703505', NULL, NULL),
(18, 'DOC1800019', 18, 'EXP1800019', '1', 17, 'ING CARLOS MURILLO PEZO', NULL, NULL, NULL, 2, 'SUPERVISOR DE OBRA', 'INF', '01', '22', '2018-01-04', 312, 'INFORME MENSUAL DEL MES DE DICIEMBRE DEL 2017', 'derivado', NULL, 'INFORME MENSUAL DE DICIEMBRE DE LA CARRETERA CALACOTA', 'ingreso', 'DOC1800019.pdf', 'pdf', 'docscase/EXP1800019', 'application/pdf', '46703505', NULL, NULL),
(19, 'DOC1800020', 19, 'EXP1800020', '1', 7, 'JACOBO BENIGNO CONDORENA PAREDES', NULL, NULL, NULL, 7, 'INGENIERO IV', 'INF', '02', '21', '2018-01-04', 158, 'REVISION DEL INFORME MENSUAL DE OCTUBRE - LEVANTAR OBSERVACIONES', 'derivado', NULL, 'INFORME MENSUAL SE ENCUENTRA OBSERVADO', 'ingreso', 'DOC1800020.pdf', 'pdf', 'docscase/EXP1800020', 'application/pdf', '46703505', NULL, NULL),
(20, 'DOC1800021', 20, 'EXP1800021', '1', 18, 'JACOBO BENIGNO CONDORENA PAREDES', NULL, NULL, NULL, 7, 'DIRECTOR DE PROGRAMA SECTORIAL I', 'INF', '03', '24', '2018-01-04', 9, 'REVISIÓN DEL INFORME MENSUAL DE DICIEMBRE 2017 - OBSERVADO', 'derivado', NULL, 'REVISIÓN DEL INFORME MENSUAL DE DICIEMBRE 2017  - OBSERVADO ', 'ingreso', 'DOC1800021.pdf', 'pdf', 'docscase/EXP1800021', 'application/pdf', '46703505', NULL, NULL),
(21, 'DOC1800022', 21, 'EXP1800022', '1', 8, ' YONY ROLANDO MAMANI SUCASACA', NULL, NULL, NULL, 11, 'SUPERVISOR DE OBRA', 'INF', '34', '18', '2018-01-04', 242, 'INFORME DE ACTIVIDADES REALIZADAS EN EL NOVIEMBRE', 'derivado', NULL, 'INFORME MENSUAL DEL MES DE NOVIEMBRE 2017 - CADENA DE VALOR DE LA FIBRA DE ALPACA', 'ingreso', 'DOC1800022.pdf', 'pdf', 'docscase/EXP1800022', 'application/pdf', '46703505', NULL, NULL),
(22, 'DOC1800023', 22, 'EXP1800023', '1', 13, 'ING VICTOR MIGUEL POSTIGO NAVEDA', NULL, NULL, NULL, 13, 'SUPERVISOR DE OBRA', 'INF', '23', '105-HCS', '2018-01-04', 2, 'INFORME DE CORTE DE OBRA 2017', 'registrado', NULL, 'INFORME DE CORTE DE OBRA AL 2017 DEL CONO SUR JULIACA', 'ingreso', 'DOC1800023.pdf', 'pdf', 'docscase/EXP1800023', 'application/pdf', '46703505', NULL, NULL),
(23, 'DOC1800024', 23, 'EXP1800024', '1', 7, 'OSCAR ERADIO LAZO MOTTA', NULL, NULL, NULL, 8, 'SUPERVISOR DE OBRA', 'INF', '38', '17', '2018-01-04', 234, 'INFORME MENSUAL DE NOVIEMBRE - FIBRA DE ALPACA ZONA NORTE', 'derivado', NULL, 'INFORME MENSUAL DEL MES DE NOVIEMBRE - FIBRA DE ALPACA ZONA NORTE', 'ingreso', 'DOC1800024.pdf', 'pdf', 'docscase/EXP1800024', 'application/pdf', '46703505', NULL, NULL),
(24, 'DOC1800025', 24, 'EXP1800025', '14', 19, 'RAIMUNDO PALOMINO HERRERA', NULL, NULL, NULL, 14, 'REPRESENTANTE COMUN', 'CAR', '6', '23', '2018-01-04', 2, 'SOLICITO EL SEGUNDO ADELANTO POR EL 10% DE MATERIALES E INSUMOS DEL CONTRATO', 'derivado', NULL, 'SEGUNDO ADELANTO DEL 10% DE MATERIALES E INSUMOS PARA LA CARRETERA ARAPA CHUTA TRAMO I ', 'ingreso', 'DOC1800025.pdf', 'pdf', 'docscase/EXP1800025', 'application/pdf', '46703505', NULL, NULL),
(25, 'DOC1800026', 25, 'EXP1800026', '15', 21, 'MVZ JAIME JULIO FIGUEROA MIRANDA', NULL, NULL, NULL, 15, 'DIRECTOR ', 'OFI', '03', '27', '2018-01-05', 2, 'SITUACIÓN DE LOS SUPERVISORES  DE OVINOS SUR Y OVINOS NORTE', 'derivado', NULL, 'NO SE TIENE PRESUPUESTO PARA EL PAGO DE LOS SUPERVISORES HASTA RECIBIR LOS SALDOS DE BALANCE 2018', 'ingreso', 'DOC1800026.pdf', 'pdf', 'docscase/EXP1800026', 'application/pdf', '46703505', NULL, NULL),
(26, 'DOC1800027', 26, 'EXP1800027', '6', 6, 'ING ARNALDO YANA TORRES', NULL, NULL, NULL, 16, 'GERENTE REGIONAL', 'MEM', '3812', '271-SM', '2018-01-05', 12, 'INFORME DE SEGUIMIENTO AL PROYECTO', 'derivado', NULL, 'SEGUIMIENTO AL PROYECTO DE SANTA MONICA DE JULIACA', 'ingreso', 'DOC1800027.pdf', 'pdf', 'docscase/EXP1800027', 'application/pdf', '46703505', NULL, NULL),
(27, 'DOC1800028', 27, 'EXP1800028', '7', 12, 'DR TEODOCIO LUPA QUISOCALA', NULL, NULL, NULL, 17, 'GERENTE GENERAL', 'MEM', '13', '106-HCS', '2018-01-05', 12, 'IMPLEMENTACIÓN DE RECOMENDACIONES', 'derivado', NULL, 'IMPLEMENTACION DE RECOMENDACIONES - CONO SUR JULIACA OBRAS COMPLEMENTARIAS', 'ingreso', 'DOC1800028.pdf', 'pdf', 'docscase/EXP1800028', 'application/pdf', '46703505', NULL, NULL),
(28, 'DOC1800029', 28, 'EXP1800029', '7', 6, 'DR TEODOCIO LUPA QUISOCALA', NULL, NULL, NULL, 17, 'GERENTE GENERAL', 'MEM', '12', '272-SM', '2018-01-05', 9, 'IMPLEMENTACIÓN DE RECOMENDACIONES', 'derivado', NULL, 'IMPLEMENTACION DE RECOMENDACIONES A LA IES SANTA MONICA DE JULIACA', 'ingreso', 'DOC1800029.pdf', 'pdf', 'docscase/EXP1800029', 'application/pdf', '46703505', NULL, NULL),
(29, 'DOC1800030', 29, 'EXP1800030', '1', 22, 'JULIO CESAR VILCA CONDORI', NULL, NULL, NULL, 3, 'ESPECIALISTA EN OBRAS POR CONTRATA', 'INF', '002', '591-PA', '2018-01-05', 263, 'OPINIÓN SOBRE ADICIONA DEDUCTIVO NRO 03 DEL PROYECTO MEJORAMIENTO DE LA CARRETERA PUSI AYABACAS', 'derivado', NULL, 'OPINIÓN NEGATIVA DE LA ADICIONAL - DEDUCTIVO NRO 03 - CARRETERA PUSI AYABACAS', 'ingreso', 'DOC1800030.pdf', 'pdf', 'docscase/EXP1800030', 'application/pdf', '46703505', NULL, NULL),
(30, 'DOC1800031', 30, 'EXP1800031', '4', 4, 'WILFREDO GOMEZ QUISPE', NULL, NULL, NULL, 0, 'REPRESENTANTE COMUN', 'CAR', '02', '37', '2018-01-05', 4, 'INCUMPLIMIENTO A LA DIRECTIVA REGIONAL NRO 12-2012 GOBIERNO REGIONAL PUNO ', 'derivado', NULL, 'INCUMPLIMIENTO A LA DIRECTIVA REGIONAL NRO 12-2012 GOBIERNO REGIONAL PUNO POR ASIGANR AL SUPERVISOR DE OBRA - CARRETERA ABRA SUSUYA ', 'ingreso', 'DOC1800031.pdf', 'pdf', 'docscase/EXP1800031', 'application/pdf', '46703505', NULL, NULL),
(31, 'DOC1800032', 31, 'EXP1800032', '1', 13, 'ING VICTOR MIGUEL POSTIGO NAVEDA', NULL, NULL, NULL, 13, 'SUPERVISOR DE OBRA', 'INF', '26', '107-HCS', '2018-01-05', 1, 'INFORME MENSUAL DE DICIEMBRE 2017 -  MATERNO INFANTIL', 'derivado', NULL, 'INFORME MENSUAL DE DICIEMBRE 2017 - MATERNO CONO SUR', 'ingreso', 'DOC1800032.pdf', 'pdf', 'docscase/EXP1800032', 'application/pdf', '46703505', NULL, NULL),
(32, 'DOC1800033', 32, 'EXP1800033', '1', 21, 'JACOBO BENIGNO CONDORENA PAREDES', NULL, NULL, NULL, 7, 'DIRECTOR DE PROGRAMA SECTORIAL I', 'INF', '4', '39', '2018-01-05', 3, 'ABSOLUCIÓN DE OBSERVACIONES DEL INFORME MENSUAL DE NOVIEMBRE', 'registrado', NULL, 'INFORME MENSUAL DE NOVIEMBRE QUE SE ENCUENTRA OBSERVADO \r\n', 'ingreso', 'DOC1800033.pdf', 'pdf', 'docscase/EXP1800033', 'application/pdf', '46703505', NULL, NULL),
(33, 'DOC1800034', 33, 'EXP1800034', '1', 23, 'ING GERONIMO JUAN  FERNANDEZ HANCO', NULL, NULL, NULL, 19, 'SUPERVISOR DE OBRA', 'INF', '91', '031', '2018-01-05', 764, 'INFORME FÍSICO - FINANCIERA CORRESPONDIENTE AL MES DE DICIEMBRE', 'derivado', NULL, 'INFORME MENSUAL DEL MES DE DICIEMBRE 2017 - ESTADIO DE JULIACA ', 'ingreso', 'DOC1800034.pdf', 'pdf', 'docscase/EXP1800034', 'application/pdf', '46703505', NULL, NULL),
(34, 'DOC1800035', 34, 'EXP1800035', '1', 24, 'ABOG RAQUEL MARIA MENDOZA MERMA', NULL, NULL, NULL, 20, 'SUPERVISOR DE PROYECTO', 'INF', '01', '33', '2018-01-05', 120, 'REMITO INFORME MENSUAL DE DICIEMBRE - 2017', 'derivado', NULL, 'INFORME MENSUAL DEL 2017 DE RONDAS CAMPESINAS', 'ingreso', 'DOC1800035.pdf', 'pdf', 'docscase/EXP1800035', 'application/pdf', '46703505', NULL, NULL),
(35, 'DOC1800036', 35, 'EXP1800036', '7', 25, 'DR TEODOCIO LUPA QUISOCALA', NULL, NULL, NULL, 17, 'GERENTE GENERAL', 'MEM', '16', '34', '2018-01-05', 15, 'IMPLEMENTACIÓN DE RECOMENDACIONES', 'derivado', NULL, 'IMPLEMENTACIÓN DE RECOMENDACIONES  A LA OBRA CARRETERA SAN JUAN DE SALINAS TRAMO I -  IMPRESIÓN DE DOBLE CARA', 'ingreso', 'DOC1800036.pdf', 'pdf', 'docscase/EXP1800036', 'application/pdf', '46703505', NULL, NULL),
(36, 'DOC1800037', 36, 'EXP1800037', '7', 26, 'DR TEODOCIO LUPA QUISOCALA', NULL, NULL, NULL, 17, 'GERENTE GENERAL', 'MEM', '8', '35', '2018-01-05', 15, 'IMPLEMENTACIÓN DE RECOMENDACIONES', 'derivado', NULL, 'SE ESCANEO DUPLEX TOTAL DE HOJAS 29', 'ingreso', 'DOC1800037.pdf', 'pdf', 'docscase/EXP1800037', 'application/pdf', '46703505', NULL, NULL),
(37, 'DOC1800038', 37, 'EXP1800038', '12', 27, 'ABOG SALVADOR APAZA HUANCA', NULL, NULL, NULL, 21, 'JEFE DE OFICINA', 'INF', '167', '92-AP', '2018-01-05', 190, 'SOLICITUD DE AMPLIACIÓN DE PLAZO NRO 02 DEL PIP ESTADIO MUNICIPAL DE AZANGARO', 'derivado', NULL, 'DERIVADO POR LA GGR - INFORME CORRESPONDIENTE SEGÚN DCUMENTO', 'ingreso', 'DOC1800038.pdf', 'pdf', 'docscase/EXP1800038', 'application/pdf', '46703505', NULL, NULL),
(38, 'DOC1800039', 38, 'EXP1800039', '1', 28, 'ING VALENTIN F SILVA DUEÑAS', NULL, NULL, NULL, 22, 'INGENIERO IV', 'INF', '01', '28', '2018-01-05', 5, 'REVISIÓN DEL INFORME MENSUAL DEL MES DE SETIEMBRE 2017 ', 'registrado', NULL, 'CONFORMIDAD DEL INFORME MENSUAL DEL MES DE SETIEMBRE 2017 - RIEGO TECNIFICADO PUCARA', 'ingreso', 'DOC1800039.pdf', 'pdf', 'docscase/EXP1800039', 'application/pdf', '46703505', NULL, NULL),
(39, 'DOC1800040', 39, 'EXP1800040', '1', 28, 'ING VALENTIN F SILVA DUEÑAS', NULL, NULL, NULL, 22, 'INGENIERO IV', 'INF', '02', '29', '2018-01-05', 5, 'REVISIÓN DE INFORME DEL DE OCTUBRE 2017 - RIEGO TECNIFICADO PUCARA', 'registrado', NULL, 'CONFORMIDAD DE INFORME DEL MES DE OCTUBRE 2017 DE RIEGO TECNIFICADO PUCARA', 'ingreso', 'DOC1800040.pdf', 'pdf', 'docscase/EXP1800040', 'application/pdf', '46703505', NULL, NULL),
(40, 'DOC1800041', 37, 'EXP1800038', '1', 27, 'ING HERACLIDES PAUCAR GAMARRA', NULL, NULL, NULL, 24, 'COORDINADOR DE OBRAS', 'INF', '17', '092-AP-01', '2018-01-09', 2, 'OPINIÓN TÉCNICA AMPLIACIÓN DE PLAZO NRO 02', 'derivado', '37', 'SE DA RESPUESTA AL OPINION LEGAR NRO 167 - ESTADIO DE AZANGARO', 'respuesta', 'DOC1800041.pdf', 'pdf', 'docscase/EXP1800038', 'application/pdf', '46703505', NULL, NULL),
(41, 'DOC1800042', 37, 'EXP1800038', '1', 27, 'RONALD EDSON YANQUI QUISPE', NULL, NULL, NULL, 25, 'JEFE DE ORSyLP', 'OFI', '028', 'OFI-28', '2018-01-09', 1, 'REMITO DOCUMENTACION SOBRE AMPLIACION DE PLAZO Nª02', 'derivado', '40', 'OPINION FAVORABLE EN VIAS DE REGULARIZACION ', 'atendido-salida', 'DOC1800042.pdf', 'pdf', 'docscase/EXP1800038', 'application/pdf', '46058504', NULL, NULL),
(42, 'DOC1800043', 40, 'EXP1800041', '1', 22, 'JULIO CESAR VILCA CONDORI', NULL, NULL, NULL, 3, 'ESPECIALISTA EN OBRAS POR CONTRATA', 'INF', '012', '587-AP-17', '2018-01-01', 111, 'REMITO CONFORMIDAD DE LA VALORIZACION Nº19 ', 'derivado', NULL, 'TRAMITE PROCEDENTE DE LA VALORIZACION , EL CARGO CON EL SELLO DE GRI ESTA EN EL ARCHIVO DE NUESTRA OFICINA - DOCUENTO RECIBIDO EL 29 DE DICIEMBRE DEL 2017', 'ingreso', 'DOC1800043.pdf', 'pdf', 'docscase/EXP1800041', 'application/pdf', '46058504', NULL, NULL),
(43, 'DOC1800044', 41, 'EXP1800042', '1', 22, 'JULIO CESAR VILCA CONDORI', NULL, NULL, NULL, 3, 'ESPECIALISTA EN OBRAS POR CONTRATA', 'INF', '013', '588-PA-17', '2018-01-01', 40, 'REMITO CONFORMIDAD DE LA VALORIZACION Nª20 DE EJECUCION DE CARRETERA AYABACAS PUSI', 'derivado', NULL, 'TRAMITE PROCEDENTE DE LA VALORIZACION Nº20 ,CARGO CON SELLO DE GRI SE ENCUENTRA EN NUESTRA OFICINA', 'ingreso', 'DOC1800044.pdf', 'pdf', 'docscase/EXP1800042', 'application/pdf', '46058504', NULL, NULL),
(44, 'DOC1800045', 16, 'EXP1800017', '1', 16, 'RONALD EDSON YANQUI QUISPE', NULL, NULL, NULL, 25, 'JEFE ORSyLP', 'OFI', '011', 'OFI-011', '2018-01-05', 1, 'REMITO DOCUMENTACION CON RESPECTO AL INFORME TECNICO', 'derivado', '16', 'LEVANTAR OBSERVACIONES DEL INFORME TECNICO DEL PRESUPUESTO ADICIONAL Nº01, 06 FOLIOS Y 2 A/P', 'atendido-salida', 'DOC1800045.pdf', 'pdf', 'docscase/EXP1800017', 'application/pdf', '46058504', NULL, NULL),
(45, 'DOC1800046', 29, 'EXP1800030', '1', 22, 'RONALD EDSON YANQUI QUISPE', NULL, NULL, NULL, 25, 'JEFE ORSyLP', 'OFI', '015', 'OFI-015', '2018-01-08', 1, 'REMITO DOCUMENTACION CON REFERENCIA DEL ADICIONAL DEDUCTIVO Nº03', 'derivado', '29', 'SE EMITE OPINION NEGATIVA DEL ADICIONAL DEDUCTIVO Nº03 ,263 FOLIOS', 'atendido-salida', 'DOC1800046.pdf', 'pdf', 'docscase/EXP1800030', 'application/pdf', '46058504', NULL, NULL),
(46, 'DOC1800047', 14, 'EXP1800015', '1', 15, 'RONALD EDSON YANQUI QUISPE', NULL, NULL, NULL, 25, 'JEFE ORSyLP', 'OFI', '016', 'OFI-016', '2018-01-08', 1, 'REMITO INFORME DE SOLICITUD DE REINICIO DE OBRA ', 'derivado', '14', 'INSTALACION Y COLOCACION DE GRASS SINTETICO ', 'atendido-salida', 'DOC1800047.pdf', 'pdf', 'docscase/EXP1800015', 'application/pdf', '46058504', NULL, NULL),
(47, 'DOC1800048', 42, 'EXP1800043', '16', 22, 'JOSE ANTONIO PARDES VERA', NULL, NULL, NULL, 18, 'JEFE DE SUPERVISION', 'CAR', '01', '120-AP', '2018-01-08', 16, 'AMPLIACIÓN  DE PLAZO PARCIAL NRO 13 ', 'derivado', NULL, 'SUBSANACIÓN  DE LA CARTA  NRO 176 - 2017', 'ingreso', 'DOC1800048.pdf', 'pdf', 'docscase/EXP1800043', 'application/pdf', '46703505', NULL, NULL),
(48, 'DOC1800049', 43, 'EXP1800044', '13', 10, 'ING FLORENCIO  YACO AGUILAR', NULL, NULL, NULL, 27, 'JEFE SUPERVISOR', 'CAR', '02', '804-HM', '2018-01-08', 2, 'CRONOGRAMA DE SUPERVISION DE OBRAS DE ESPECIFICAS - ENERO 2018', 'derivado', NULL, 'CRONOGRAMA DE SUPERVISION ENERO -2018', 'ingreso', 'DOC1800049.pdf', 'pdf', 'docscase/EXP1800044', 'application/pdf', '46703505', NULL, NULL);

-- 
-- Dumping data for table tramroles
--
INSERT INTO tramroles VALUES
(1, '00000000', 1, 1),
(2, '00000000', 2, 1),
(3, '00000000', 3, 1),
(4, '00000000', 4, 1),
(5, '00000000', 5, 1),
(6, '00000000', 6, 1),
(7, '00000000', 7, 1),
(8, '00000000', 9, 1),
(9, '00000000', 10, 1),
(10, '00000000', 11, 1),
(11, '00000000', 12, 1),
(12, '46703505', 6, 1),
(13, '46703505', 7, 1),
(14, '46703505', 12, 1),
(15, '46703505', 1, 1),
(16, '46703505', 2, 1),
(17, '46703505', 3, 1),
(18, '46703505', 4, 1),
(19, '46703505', 5, 1),
(20, '46703505', 9, 1),
(21, '46703505', 10, 1),
(22, '46703505', 11, 1),
(23, '73194984', 6, 1),
(24, '73194984', 7, 1),
(25, '73194984', 12, 0),
(26, '73194984', 1, 1),
(27, '73194984', 2, 1),
(28, '73194984', 3, 0),
(29, '73194984', 4, 1),
(30, '73194984', 5, 1),
(31, '73194984', 9, 1),
(32, '73194984', 10, 1),
(33, '73194984', 11, 1),
(34, '41296446', 6, 1),
(35, '41296446', 7, 1),
(36, '41296446', 12, 1),
(37, '41296446', 1, 1),
(38, '41296446', 2, 1),
(39, '41296446', 3, 1),
(40, '41296446', 4, 1),
(41, '41296446', 5, 1),
(42, '41296446', 9, 1),
(43, '41296446', 10, 1),
(44, '41296446', 11, 1),
(45, '46058504', 6, 1),
(46, '46058504', 7, 1),
(47, '46058504', 1, 1),
(48, '46058504', 5, 1),
(49, '46058504', 4, 1);

-- 
-- Dumping data for table tramhistorial
--
INSERT INTO tramhistorial VALUES
(1, 'EXP1800002', 1, 'DOC1800002', '46703505', '3-1', 1, 0, 1, '2018-01-04', '20:5:13', '2018-01-03 12:55:31', NULL, '2018-01-04 20:05:13', 'ATENCIÓN AL DOCUMENTO', NULL, NULL, NULL, NULL),
(2, 'EXP1800003', 2, 'DOC1800003', '46703505', '3-1', 1, 0, 1, '2018-01-04', '20:12:34', '2018-01-03 00:00:00', NULL, '2018-01-04 20:12:34', 'ATENCIÓN AL DOCUMENTO', NULL, NULL, NULL, NULL),
(3, 'EXP1800004', 3, 'DOC1800004', '46703505', '2-1', 1, 0, 1, '2018-01-04', '20:13:3', '2018-01-03 00:00:00', NULL, '2018-01-04 20:13:03', 'ATENCIÓN AL DOCUMENTO', NULL, NULL, NULL, NULL),
(4, 'EXP1800005', 4, 'DOC1800005', '46703505', '4-1', 1, 0, 1, '2018-01-04', '20:38:2', '2018-01-03 00:00:00', NULL, '2018-01-04 20:38:02', 'ATENCION AL DOCUMENTO', NULL, NULL, NULL, NULL),
(5, 'EXP1800006', 5, 'DOC1800006', '46703505', '2-1', 1, 0, 1, '2018-01-04', '20:14:3', '2018-01-03 00:00:00', NULL, '2018-01-04 20:14:03', 'ATENCIÓN AL DOCUMENTO', NULL, NULL, NULL, NULL),
(6, 'EXP1800007', 6, 'DOC1800007', '46703505', '2-1', 1, 0, 1, '2018-01-04', '20:38:24', '2018-01-03 00:00:00', NULL, '2018-01-04 20:38:24', 'ATENCIÓN AL DOCUMENTO', NULL, NULL, NULL, NULL),
(7, 'EXP1800008', 7, 'DOC1800008', '46703505', '3-1', 1, 0, 1, '2018-01-04', '20:38:44', '2018-01-03 00:00:00', NULL, '2018-01-04 20:38:44', 'ATENCIÓN AL DOCUMENTO', NULL, NULL, NULL, NULL),
(8, 'EXP1800009', 8, 'DOC1800009', '46703505', '3-1', 1, 0, 1, '2018-01-04', '20:38:56', '2018-01-03 00:00:00', NULL, '2018-01-04 20:38:56', 'ATENCIÓN AL DOCUMENTO', NULL, NULL, NULL, NULL),
(9, 'EXP1800010', 9, 'DOC1800010', '46703505', '46703505', 1, 0, 0, '2018-01-04', '19:16:45', '2018-01-04 19:16:45', NULL, NULL, NULL, NULL, NULL, NULL, NULL),
(10, 'EXP1800011', 10, 'DOC1800011', '46703505', '5-1', 1, 0, 1, '2018-01-04', '20:41:22', '2018-01-03 00:00:00', NULL, '2018-01-04 20:41:22', 'ATENCIÓN AL DOCUMENTO', NULL, NULL, NULL, NULL),
(11, 'EXP1800012', 11, 'DOC1800012', '46703505', '5-1', 1, 0, 1, '2018-01-04', '20:41:32', '2018-01-03 00:00:00', NULL, '2018-01-04 20:41:32', 'ATENCIÓN AL DOCUMENTO', NULL, NULL, NULL, NULL),
(12, 'EXP1800013', 12, 'DOC1800013', '46703505', '5-1', 1, 0, 1, '2018-01-04', '20:41:43', '2018-01-03 00:00:00', NULL, '2018-01-04 20:41:43', 'ATENCIÓN AL DOCUMENTO', NULL, NULL, NULL, NULL),
(13, 'EXP1800014', 13, 'DOC1800014', '46703505', '6-1', 1, 0, 1, '2018-01-04', '20:44:29', '2018-01-03 00:00:00', NULL, '2018-01-04 20:44:29', 'ATENCIÓN AL DOCUMENTO', NULL, NULL, NULL, NULL),
(14, 'EXP1800015', 14, 'DOC1800015', '46703505', '26-1', 1, 1, 1, '2018-01-10', '19:35:38', '2018-01-03 00:00:00', '2018-01-08 00:00:00', '2018-01-04 00:00:00', 'OFICIO A GRI', 'GRI , REINICIO DE OBRA PARA INSTALACION Y COLOCACION DE GRASS SINTETICO', NULL, 46, NULL),
(15, 'EXP1800016', 15, 'DOC1800016', '46703505', '8-1', 1, 0, 1, '2018-01-05', '10:39:37', '2018-01-03 10:37:34', NULL, '2018-01-04 10:39:37', 'LEVANTAR OBSERVACIONES', NULL, NULL, NULL, NULL),
(16, 'EXP1800017', 16, 'DOC1800017', '46703505', '26-1', 1, 1, 1, '2018-01-10', '17:49:18', '2018-01-03 00:00:00', '2018-01-04 00:00:00', '2018-01-04 00:00:00', 'OFICIO A GRPPYAT', 'GRPP Y AT', NULL, 44, NULL),
(17, 'EXP1800018', 17, 'DOC1800018', '46703505', '26-1', 1, 0, 1, '2018-01-10', '12:34:42', '2018-01-04 00:00:00', NULL, '2018-01-05 00:00:00', 'OFICIO A GRI', NULL, NULL, NULL, NULL),
(18, 'EXP1800019', 18, 'DOC1800019', '46703505', '2-1', 1, 0, 1, '2018-01-08', '18:45:8', '2018-01-04 00:00:00', NULL, '2018-01-08 00:00:00', 'ATENCIÓN AL DOCUMENTO', NULL, NULL, NULL, NULL),
(19, 'EXP1800020', 19, 'DOC1800020', '46703505', '8-1', 1, 0, 1, '2018-01-08', '18:48:2', '2018-01-04 00:00:00', NULL, '2018-01-08 00:00:00', 'LEVANTAR OBSERVACIONES', NULL, NULL, NULL, NULL),
(20, 'EXP1800021', 20, 'DOC1800021', '46703505', '23-1', 1, 0, 1, '2018-01-08', '18:51:2', '2018-01-04 00:00:00', NULL, '2018-01-08 00:00:00', 'LEVANTAR OBSERVACIONES', NULL, NULL, NULL, NULL),
(21, 'EXP1800022', 21, 'DOC1800022', '46703505', '7-1', 1, 0, 1, '2018-01-08', '18:51:40', '2018-01-04 00:00:00', NULL, '2018-01-08 00:00:00', 'REVISIÓN E INFORME', NULL, NULL, NULL, NULL),
(22, 'EXP1800023', 22, 'DOC1800023', '46703505', '46703505', 1, 0, 0, '2018-01-07', '22:39:47', '2018-01-04 00:00:00', NULL, NULL, NULL, NULL, NULL, NULL, NULL),
(23, 'EXP1800024', 23, 'DOC1800024', '46703505', '7-1', 1, 0, 1, '2018-01-08', '18:52:15', '2018-01-04 00:00:00', NULL, '2018-01-08 00:00:00', 'REVISIÓN E INFORME', NULL, NULL, NULL, NULL),
(24, 'EXP1800025', 24, 'DOC1800025', '46703505', '10-1', 1, 0, 1, '2018-01-08', '18:52:56', '2018-01-04 00:00:00', NULL, '2018-01-05 00:00:00', 'REVISIÓN E INFORME', NULL, NULL, NULL, NULL),
(25, 'EXP1800026', 25, 'DOC1800026', '46703505', '26-1', 1, 0, 1, '2018-01-10', '12:37:4', '2018-01-05 00:00:00', NULL, '2018-01-08 00:00:00', 'OFICIO A GGR DE CONOCIMIENTO', NULL, NULL, NULL, NULL),
(26, 'EXP1800027', 26, 'DOC1800027', '46703505', '3-1', 1, 0, 1, '2018-01-08', '18:53:55', '2018-01-05 00:00:00', NULL, '2018-01-08 00:00:00', 'ATENCIÓN AL DOCUMENTO', NULL, NULL, NULL, NULL),
(27, 'EXP1800028', 27, 'DOC1800028', '46703505', '6-1', 1, 0, 1, '2018-01-08', '18:54:28', '2018-01-05 00:00:00', NULL, '2018-01-08 00:00:00', 'ATENCIÓN AL DOCUMENTO', NULL, NULL, NULL, NULL),
(28, 'EXP1800029', 28, 'DOC1800029', '46703505', '6-1', 1, 0, 1, '2018-01-08', '18:54:38', '2018-01-05 00:00:00', NULL, '2018-01-08 00:00:00', 'ATENCIÓN AL DOCUMENTO', NULL, NULL, NULL, NULL),
(29, 'EXP1800030', 29, 'DOC1800030', '46703505', '26-1', 1, 1, 1, '2018-01-10', '18:9:7', '2018-01-05 00:00:00', '2018-01-08 00:00:00', '2018-01-08 00:00:00', 'OFICIO A GGR DE CONOCIMIENTO Y DEMAS FINES', 'GGR', NULL, 45, NULL),
(30, 'EXP1800031', 30, 'DOC1800031', '46703505', '2-1', 1, 0, 1, '2018-01-08', '18:55:19', '2018-01-05 00:00:00', NULL, '2018-01-08 00:00:00', 'ATENCIÓN AL DOCUMENTO', NULL, NULL, NULL, NULL),
(31, 'EXP1800032', 31, 'DOC1800032', '46703505', '5-1', 1, 0, 1, '2018-01-08', '18:55:51', '2018-01-05 00:00:00', NULL, '2018-01-08 00:00:00', 'REVISIÓN E INFORME', NULL, NULL, NULL, NULL),
(32, 'EXP1800033', 32, 'DOC1800033', '46703505', '46703505', 1, 0, 0, '2018-01-08', '16:46:30', '2018-01-05 00:00:00', NULL, NULL, NULL, NULL, NULL, NULL, NULL),
(33, 'EXP1800034', 33, 'DOC1800034', '46703505', '24-1', 1, 0, 1, '2018-01-08', '18:57:20', '2018-01-05 00:00:00', NULL, '2018-01-08 00:00:00', 'REVISIÓN E INFORME', NULL, NULL, NULL, NULL),
(34, 'EXP1800035', 34, 'DOC1800035', '46703505', '22-1', 1, 0, 1, '2018-01-08', '18:58:16', '2018-01-05 00:00:00', NULL, '2018-01-08 00:00:00', 'REVISIÓN E INFORME', NULL, NULL, NULL, NULL),
(35, 'EXP1800036', 35, 'DOC1800036', '46703505', '6-1', 1, 0, 1, '2018-01-08', '18:58:51', '2018-01-05 00:00:00', NULL, '2018-01-08 00:00:00', 'ATENCIÓN AL DOCUMENTO', NULL, NULL, NULL, NULL),
(36, 'EXP1800037', 36, 'DOC1800037', '46703505', '6-1', 1, 0, 1, '2018-01-08', '18:59:6', '2018-01-05 00:00:00', NULL, '2018-01-08 00:00:00', 'ATENCIÓN AL DOCUMENTO', NULL, NULL, NULL, NULL),
(37, 'EXP1800038', 37, 'DOC1800038', '46703505', '24-1', 1, 1, 1, '2018-01-10', '18:4:5', '2018-01-05 00:00:00', '2018-01-09 00:00:00', '2018-01-08 00:00:00', 'ATENCIÓN AL DOCUMENTO', 'REMITO DOCUMENTO SOBRE AMPLIACIÓN DE PLAZO NRO 2', NULL, 40, NULL),
(38, 'EXP1800039', 38, 'DOC1800039', '46703505', '46703505', 1, 0, 0, '2018-01-08', '18:9:18', '2018-01-05 00:00:00', NULL, NULL, NULL, NULL, NULL, NULL, NULL),
(39, 'EXP1800040', 39, 'DOC1800040', '46703505', '46703505', 1, 0, 0, '2018-01-08', '18:12:47', '2018-01-05 00:00:00', NULL, NULL, NULL, NULL, NULL, NULL, NULL),
(40, 'EXP1800038', 40, 'DOC1800041', '46703505', '26-1', 1, 0, 1, '2018-01-10', '12:31:11', '2018-01-09 00:00:00', NULL, '2018-01-09 00:00:00', 'REDACTAR OFICIO', NULL, NULL, 41, NULL),
(41, 'EXP1800038', 41, 'DOC1800042', '46058504', '17-1', 1, 0, 1, '2018-01-10', '18:4:5', '2018-01-09 00:00:00', NULL, '2018-01-09 00:00:00', 'REMITO DOCUMENTO SOBRE AMPLIACIÓN DE PLAZO NRO 2', NULL, NULL, NULL, NULL),
(42, 'EXP1800041', 42, 'DOC1800043', '46058504', '26-1', 1, 0, 1, '2018-01-10', '18:7:40', '2018-01-04 00:00:00', NULL, '2018-01-03 00:00:00', 'OFICIO A GRI', NULL, NULL, NULL, NULL),
(43, 'EXP1800042', 43, 'DOC1800044', '46058504', '26-1', 1, 0, 1, '2018-01-10', '18:10:25', '2018-01-04 00:00:00', NULL, '2018-01-03 00:00:00', 'OFICIO A GRI', NULL, NULL, NULL, NULL),
(44, 'EXP1800017', 44, 'DOC1800045', '46058504', '1-1', 1, 0, 1, '2018-01-10', '17:49:18', '2018-01-05 00:00:00', NULL, '2018-01-04 00:00:00', 'GRPP Y AT', NULL, NULL, NULL, NULL),
(45, 'EXP1800030', 45, 'DOC1800046', '46058504', '17-1', 1, 0, 1, '2018-01-10', '18:9:7', '2018-01-08 00:00:00', NULL, '2018-01-08 00:00:00', 'GGR', NULL, NULL, NULL, NULL),
(46, 'EXP1800015', 46, 'DOC1800047', '46058504', '16-1', 1, 0, 1, '2018-01-10', '19:35:38', '2018-01-08 00:00:00', NULL, '2018-01-08 00:00:00', 'GRI , REINICIO DE OBRA PARA INSTALACION Y COLOCACION DE GRASS SINTETICO', NULL, NULL, NULL, NULL),
(47, 'EXP1800043', 47, 'DOC1800048', '46703505', '3-1', 1, 0, 1, '2018-01-12', '16:33:24', '2018-01-08 00:00:00', NULL, '2018-01-09 00:00:00', 'ATENCIÓN AL DOCUMENTO', NULL, NULL, NULL, NULL),
(48, 'EXP1800044', 48, 'DOC1800049', '46703505', '3-1', 1, 0, 1, '2018-01-12', '16:42:34', '2018-01-08 00:00:00', NULL, '2018-01-09 00:00:00', 'ATENCION AL DOCUMENTO', NULL, NULL, NULL, NULL);

-- 
-- Restore previous SQL mode
-- 
/*!40101 SET SQL_MODE=@OLD_SQL_MODE */;

-- 
-- Enable foreign keys
-- 
/*!40014 SET FOREIGN_KEY_CHECKS=@OLD_FOREIGN_KEY_CHECKS */;